ts_iso,timestamp_ms,spot_id,lat,lon,accuracy,ua,ref,href,party_size
2025-11-17T14:18:31+09:00,1763356708942,migiwaya,34.86824611,138.3246943,12.08942596,"Mozilla/5.0 (iPhone; CPU iPhone OS 18_7 like Mac OS X) AppleWebKit/605.1.15 (KHTML, like Gecko) Version/26.0.1 Mobile/15E148 Safari/604.1",,https://www.visionservice.io/migiwaya,1
2025-11-17T14:18:35+09:00,1763356711391,migiwaya,34.86824614,138.3246945,10.34626254,"Mozilla/5.0 (iPhone; CPU iPhone OS 18_7 like Mac OS X) AppleWebKit/605.1.15 (KHTML, like Gecko) Version/26.0.1 Mobile/15E148 Safari/604.1",,https://www.visionservice.io/migiwaya,1
2025-11-17T14:20:27+09:00,1763356825561,migiwaya,34.86830692,138.3247431,13.57128019,"Mozilla/5.0 (iPhone; CPU iPhone OS 18_7 like Mac OS X) AppleWebKit/605.1.15 (KHTML, like Gecko) Version/26.1 Mobile/15E148 Safari/604.1",,https://www.visionservice.io/migiwaya,1
2025-11-17T14:32:36+09:00,1763357552108,migiwaya,34.86830747,138.3247436,21.69879319,"Mozilla/5.0 (iPhone; CPU iPhone OS 18_7 like Mac OS X) AppleWebKit/605.1.15 (KHTML, like Gecko) Version/26.1 Mobile/15E148 Safari/604.1",,https://www.visionservice.io/migiwaya,1
2025-11-17T14:32:37+09:00,1763357555249,migiwaya,34.86830678,138.3247433,13.11619563,"Mozilla/5.0 (iPhone; CPU iPhone OS 18_7 like Mac OS X) AppleWebKit/605.1.15 (KHTML, like Gecko) Version/26.1 Mobile/15E148 Safari/604.1",,https://www.visionservice.io/migiwaya,1
2025-11-19T08:58:25+09:00,1763510303355,tourist-information-center,34.87173428,138.318671,24.35891857,"Mozilla/5.0 (iPhone; CPU iPhone OS 18_6_2 like Mac OS X) AppleWebKit/605.1.15 (KHTML, like Gecko) Version/18.6 Mobile/15E148 Safari/604.1",,https://www.visionservice.io/tourist-information-center,1
2025-11-19T08:58:28+09:00,1763510306783,tourist-information-center,34.87175673,138.3186562,19.78917585,"Mozilla/5.0 (iPhone; CPU iPhone OS 18_6_2 like Mac OS X) AppleWebKit/605.1.15 (KHTML, like Gecko) Version/18.6 Mobile/15E148 Safari/604.1",,https://www.visionservice.io/tourist-information-center,1
2025-11-19T14:46:58+09:00,1763531216108,sakana-center,34.8795255,138.3034871,100,"Mozilla/5.0 (Linux; Android 10; K) AppleWebKit/537.36 (KHTML, like Gecko) Chrome/142.0.0.0 Mobile Safari/537.36",,https://www.visionservice.io/sakana-center-1,1
2025-11-19T14:47:08+09:00,1763531226206,sakana-center,34.8796553,138.3033704,20.25874043,"Mozilla/5.0 (iPhone; CPU iPhone OS 18_6_2 like Mac OS X) AppleWebKit/605.1.15 (KHTML, like Gecko) Version/18.6 Mobile/15E148 Safari/604.1",,https://www.visionservice.io/sakana-center-1,1
2025-11-19T16:04:36+09:00,1763535874116,sakana-center,34.88007337,138.3035576,4.74865153,"Mozilla/5.0 (iPhone; CPU iPhone OS 18_7 like Mac OS X) AppleWebKit/605.1.15 (KHTML, like Gecko) Version/26.0.1 Mobile/15E148 Safari/604.1",,https://www.visionservice.io/sakana-center-1,1
2025-11-20T07:56:21+09:00,1763592978274,sakana-center,34.88022098,138.3039182,3.609699124,"Mozilla/5.0 (iPhone; CPU iPhone OS 16_1_2 like Mac OS X) AppleWebKit/605.1.15 (KHTML, like Gecko) Version/16.1 Mobile/15E148 Safari/604.1",,https://www.visionservice.io/sakana-center-1,2
2025-11-20T11:11:37+09:00,1763604697165,sakana-center,34.8799542,138.3029456,14.96000004,"Mozilla/5.0 (Linux; Android 10; K) AppleWebKit/537.36 (KHTML, like Gecko) Chrome/142.0.0.0 Mobile Safari/537.36",,https://www.visionservice.io/sakana-center-1,1
2025-11-20T11:32:50+09:00,1763605970009,sakana-center,34.8795385,138.3034738,53.5340004,"Mozilla/5.0 (Linux; Android 10; K) AppleWebKit/537.36 (KHTML, like Gecko) Chrome/134.0.0.0 Mobile Safari/537.36",,https://www.visionservice.io/sakana-center-1,1
2025-11-20T12:27:31+09:00,1763609249243,sakana-center,34.87999896,138.3034951,7.023366132,"Mozilla/5.0 (iPhone; CPU iPhone OS 18_6_2 like Mac OS X) AppleWebKit/605.1.15 (KHTML, like Gecko) Version/18.6 Mobile/15E148 Safari/604.1",,https://www.visionservice.io/sakana-center-1,2
2025-11-21T11:05:41+09:00,1763690739572,sakana-center,34.87969324,138.303151,3.690055114,"Mozilla/5.0 (iPhone; CPU iPhone OS 18_6_2 like Mac OS X) AppleWebKit/605.1.15 (KHTML, like Gecko) Version/18.6 Mobile/15E148 Safari/604.1",,https://www.visionservice.io/sakana-center-1,1
2025-11-21T11:06:17+09:00,1763690776115,sakana-center,34.87991925,138.303167,20.98389995,"Mozilla/5.0 (iPhone; CPU iPhone OS 18_6_2 like Mac OS X) AppleWebKit/605.1.15 (KHTML, like Gecko) Version/18.6 Mobile/15E148 Safari/604.1",,https://www.visionservice.io/sakana-center-1,1
2025-11-22T09:21:10+09:00,1763770867949,sakana-center,34.88027934,138.3030629,28.25234348,"Mozilla/5.0 (iPhone; CPU iPhone OS 18_7 like Mac OS X) AppleWebKit/605.1.15 (KHTML, like Gecko) Version/26.1 Mobile/15E148 Safari/604.1",,https://www.visionservice.io/sakana-center-1,2
2025-11-22T11:42:01+09:00,1763779319919,sakana-center,34.88004312,138.3027092,3.650083573,"Mozilla/5.0 (iPhone; CPU iPhone OS 18_7 like Mac OS X) AppleWebKit/605.1.15 (KHTML, like Gecko) Version/26.1 Mobile/15E148 Safari/604.1",,https://www.visionservice.io/sakana-center-1,2
2025-11-22T11:42:05+09:00,1763779323566,sakana-center,34.88004362,138.3027118,3.595014,"Mozilla/5.0 (iPhone; CPU iPhone OS 18_7 like Mac OS X) AppleWebKit/605.1.15 (KHTML, like Gecko) Version/26.1 Mobile/15E148 Safari/604.1",,https://www.visionservice.io/sakana-center-1,2
2025-11-22T12:00:19+09:00,1763780416406,sakana-center,34.87956524,138.3030559,3.943415286,"Mozilla/5.0 (iPhone; CPU iPhone OS 18_6_2 like Mac OS X) AppleWebKit/605.1.15 (KHTML, like Gecko) Version/18.6 Mobile/15E148 Safari/604.1",,https://www.visionservice.io/sakana-center-1,3-5
2025-11-23T11:02:55+09:00,1763863372485,sakana-center,34.87979531,138.3028896,3.725059914,"Mozilla/5.0 (iPhone; CPU iPhone OS 18_6_2 like Mac OS X) AppleWebKit/605.1.15 (KHTML, like Gecko) Version/18.6 Mobile/15E148 Safari/604.1",,https://www.visionservice.io/sakana-center-1,2
2025-11-23T11:07:49+09:00,1763863667018,sakana-center,34.87974345,138.3030267,22.46473135,"Mozilla/5.0 (iPhone; CPU iPhone OS 18_6_2 like Mac OS X) AppleWebKit/605.1.15 (KHTML, like Gecko) Version/18.6 Mobile/15E148 Safari/604.1",,https://www.visionservice.io/sakana-center-1,2
2025-11-23T11:08:04+09:00,1763863682373,sakana-center,34.87973808,138.3028764,20.80127488,"Mozilla/5.0 (iPhone; CPU iPhone OS 18_6_2 like Mac OS X) AppleWebKit/605.1.15 (KHTML, like Gecko) Version/18.6 Mobile/15E148 Safari/604.1",,https://www.visionservice.io/sakana-center-1,3-5
2025-11-23T12:26:42+09:00,1763868400100,sakana-center,34.88043896,138.3037664,23.08845539,"Mozilla/5.0 (iPhone; CPU iPhone OS 18_7 like Mac OS X) AppleWebKit/605.1.15 (KHTML, like Gecko) Version/26.0.1 Mobile/15E148 Safari/604.1",,https://www.visionservice.io/sakana-center-1,3-5
2025-11-23T12:26:43+09:00,1763868402129,sakana-center,34.88050189,138.3037168,21.33068998,"Mozilla/5.0 (iPhone; CPU iPhone OS 18_7 like Mac OS X) AppleWebKit/605.1.15 (KHTML, like Gecko) Version/26.0.1 Mobile/15E148 Safari/604.1",,https://www.visionservice.io/sakana-center-1,3-5
2025-11-23T12:47:21+09:00,1763869639246,sakana-center,34.88031779,138.3038998,3.535533906,"Mozilla/5.0 (iPhone; CPU iPhone OS 18_7 like Mac OS X) AppleWebKit/605.1.15 (KHTML, like Gecko) Version/26.1 Mobile/15E148 Safari/604.1",,https://www.visionservice.io/sakana-center-1,2
2025-11-23T13:44:01+09:00,1763873039446,sakana-center,34.88033461,138.3030366,23.26076464,"Mozilla/5.0 (iPhone; CPU iPhone OS 18_7 like Mac OS X) AppleWebKit/605.1.15 (KHTML, like Gecko) Version/26.1 Mobile/15E148 Safari/604.1",,https://www.visionservice.io/sakana-center-1,3-5
2025-11-24T10:23:02+09:00,1763947379486,sakana-center,34.88001472,138.3027408,28.46143035,"Mozilla/5.0 (iPhone; CPU iPhone OS 18_6_2 like Mac OS X) AppleWebKit/605.1.15 (KHTML, like Gecko) Version/18.6 Mobile/15E148 Safari/604.1",,https://www.visionservice.io/sakana-center-1,3-5
2025-11-24T10:25:31+09:00,1763947530379,sakana-center,34.8800556,138.3026193,12.84200001,"Mozilla/5.0 (Linux; Android 10; K) AppleWebKit/537.36 (KHTML, like Gecko) Chrome/142.0.0.0 Mobile Safari/537.36",,https://www.visionservice.io/sakana-center-1,3-5
2025-11-24T10:25:40+09:00,1763947539395,sakana-center,34.8800482,138.3026046,11.71700001,"Mozilla/5.0 (Linux; Android 10; K) AppleWebKit/537.36 (KHTML, like Gecko) Chrome/142.0.0.0 Mobile Safari/537.36",,https://www.visionservice.io/sakana-center-1,3-5
2025-11-24T10:28:02+09:00,1763947679802,sakana-center,34.8799762,138.3025976,3.789999962,"Mozilla/5.0 (Linux; Android 10; K) AppleWebKit/537.36 (KHTML, like Gecko) SamsungBrowser/29.0 Chrome/136.0.0.0 Mobile Safari/537.36",,https://www.visionservice.io/sakana-center-1,3-5
2025-11-24T10:47:15+09:00,1763948833634,sakana-center,34.88002649,138.3026305,3.529386042,"Mozilla/5.0 (iPhone; CPU iPhone OS 18_6_2 like Mac OS X) AppleWebKit/605.1.15 (KHTML, like Gecko) Version/18.6 Mobile/15E148 Safari/604.1",,https://www.visionservice.io/sakana-center-1,3-5
2025-11-24T10:53:56+09:00,1763949235149,sakana-center,34.879755,138.3032613,13.98799992,"Mozilla/5.0 (Linux; Android 10; K) AppleWebKit/537.36 (KHTML, like Gecko) Chrome/142.0.0.0 Mobile Safari/537.36",,https://www.visionservice.io/sakana-center-1,2
2025-11-24T11:34:22+09:00,1763951661837,sakana-center,34.880037,138.3032706,11.1420002,"Mozilla/5.0 (Linux; Android 10; K) AppleWebKit/537.36 (KHTML, like Gecko) Chrome/142.0.0.0 Mobile Safari/537.36",,https://www.visionservice.io/sakana-center-1,3-5
2025-11-24T11:55:18+09:00,1763952916151,sakana-center,34.87999309,138.3029486,17.54886284,"Mozilla/5.0 (iPhone; CPU iPhone OS 18_6_2 like Mac OS X) AppleWebKit/605.1.15 (KHTML, like Gecko) Version/18.6 Mobile/15E148 Safari/604.1",,https://www.visionservice.io/sakana-center-1,2
2025-11-24T11:55:24+09:00,1763952923185,sakana-center,34.87992413,138.3029783,18.12035141,"Mozilla/5.0 (iPhone; CPU iPhone OS 18_6_2 like Mac OS X) AppleWebKit/605.1.15 (KHTML, like Gecko) Version/18.6 Mobile/15E148 Safari/604.1",,https://www.visionservice.io/sakana-center-1,2
2025-11-24T12:43:08+09:00,1763955786103,sakana-center,34.87953891,138.3032632,4.710670887,"Mozilla/5.0 (iPhone; CPU iPhone OS 18_7 like Mac OS X) AppleWebKit/605.1.15 (KHTML, like Gecko) Version/26.1 Mobile/15E148 Safari/604.1",,https://www.visionservice.io/sakana-center-1,2
2025-11-24T12:43:10+09:00,1763955788905,sakana-center,34.87962001,138.3030566,19.76509627,"Mozilla/5.0 (iPhone; CPU iPhone OS 18_7 like Mac OS X) AppleWebKit/605.1.15 (KHTML, like Gecko) Version/26.1 Mobile/15E148 Safari/604.1",,https://www.visionservice.io/sakana-center-1,2
2025-11-24T13:31:36+09:00,1763958694572,sakana-center,34.87991966,138.3026545,19.27844809,"Mozilla/5.0 (iPhone; CPU iPhone OS 18_6_2 like Mac OS X) AppleWebKit/605.1.15 (KHTML, like Gecko) Version/18.6 Mobile/15E148 Safari/604.1",,https://www.visionservice.io/sakana-center-1,2
2025-11-24T15:58:35+09:00,1763967512647,sakana-center,34.87967904,138.3032312,12.12309941,"Mozilla/5.0 (iPhone; CPU iPhone OS 18_6_2 like Mac OS X) AppleWebKit/605.1.15 (KHTML, like Gecko) Version/18.6 Mobile/15E148 Safari/604.1",,https://www.visionservice.io/sakana-center-1,2
2025-11-25T17:59:29+09:00,1764061166813,migiwaya,34.86795194,138.3247633,10.03773936,"Mozilla/5.0 (iPhone; CPU iPhone OS 18_6_2 like Mac OS X) AppleWebKit/605.1.15 (KHTML, like Gecko) Version/18.6 Mobile/15E148 Safari/604.1",,https://www.visionservice.io/migiwaya,2
2025-11-25T18:00:38+09:00,1764061236486,migiwaya,34.86793379,138.3247685,19.84396329,"Mozilla/5.0 (iPhone; CPU iPhone OS 18_6_2 like Mac OS X) AppleWebKit/605.1.15 (KHTML, like Gecko) Version/18.6 Mobile/15E148 Safari/604.1",,https://www.visionservice.io/migiwaya?status=checkedin,2
2025-11-27T11:19:47+09:00,1764209985912,sakana-center,34.87976787,138.3033566,15.58135676,"Mozilla/5.0 (iPhone; CPU iPhone OS 18_7 like Mac OS X) AppleWebKit/605.1.15 (KHTML, like Gecko) Version/26.1 Mobile/15E148 Safari/604.1",,https://www.visionservice.io/sakana-center-1,1
2025-11-27T11:20:52+09:00,1764210050932,sakana-center,34.87974896,138.3033321,15.3908544,"Mozilla/5.0 (iPhone; CPU iPhone OS 18_7 like Mac OS X) AppleWebKit/605.1.15 (KHTML, like Gecko) Version/26.1 Mobile/15E148 Safari/604.1",,https://www.visionservice.io/sakana-center-1,1
2025-11-27T13:38:02+09:00,1764218281235,tourist-information-center,35.6613371,139.7569694,28.382,"Mozilla/5.0 (Windows NT 10.0; Win64; x64) AppleWebKit/537.36 (KHTML, like Gecko) Chrome/142.0.0.0 Safari/537.36",,https://www.visionservice.io/tourist-information-center,1
2025-11-27T13:38:57+09:00,1764218335853,tourist-information-center,35.6613371,139.7569694,28.382,"Mozilla/5.0 (Windows NT 10.0; Win64; x64) AppleWebKit/537.36 (KHTML, like Gecko) Chrome/142.0.0.0 Safari/537.36",,https://www.visionservice.io/tourist-information-center,2
2025-11-27T13:54:54+09:00,1764219292542,sakana-center,35.6625402,139.790781,4750.779441,"Mozilla/5.0 (Windows NT 10.0; Win64; x64) AppleWebKit/537.36 (KHTML, like Gecko) Chrome/142.0.0.0 Safari/537.36",,https://www.visionservice.io/sakana-center-1,1
2025-11-27T13:55:03+09:00,1764219301892,migiwaya,35.6625402,139.790781,4750.779441,"Mozilla/5.0 (Windows NT 10.0; Win64; x64) AppleWebKit/537.36 (KHTML, like Gecko) Chrome/142.0.0.0 Safari/537.36",,https://www.visionservice.io/migiwaya,1
2025-11-27T16:29:29+09:00,1764228567025,sakana-center,35.7236736,139.4835456,1038.276456,"Mozilla/5.0 (Windows NT 10.0; Win64; x64) AppleWebKit/537.36 (KHTML, like Gecko) Chrome/142.0.0.0 Safari/537.36",,https://www.visionservice.io/sakana-center-1,1
2025-11-27T16:30:04+09:00,1764228603064,sakana-center,35.7236736,139.4835456,1038.276456,"Mozilla/5.0 (Windows NT 10.0; Win64; x64) AppleWebKit/537.36 (KHTML, like Gecko) Chrome/142.0.0.0 Safari/537.36",,https://www.visionservice.io/sakana-center-1,1
2025-11-27T16:30:07+09:00,1764228606520,sakana-center,35.7236736,139.4835456,1038.276456,"Mozilla/5.0 (Windows NT 10.0; Win64; x64) AppleWebKit/537.36 (KHTML, like Gecko) Chrome/142.0.0.0 Safari/537.36",,https://www.visionservice.io/sakana-center-1,1
2025-11-27T22:30:34+09:00,1764250231810,sakana-center,34.97191499,138.3889215,23.99419325,"Mozilla/5.0 (iPhone; CPU iPhone OS 18_6_1 like Mac OS X) AppleWebKit/605.1.15 (KHTML, like Gecko) Version/18.6 Mobile/15E148 Safari/604.1",,https://www.visionservice.io/sakana-center-1,1
2025-11-28T13:04:35+09:00,1764302672782,sakana-center,34.88037101,138.3037771,14,"Mozilla/5.0 (iPhone; CPU iPhone OS 18_6_2 like Mac OS X) AppleWebKit/605.1.15 (KHTML, like Gecko) Version/18.6 Mobile/15E148 Safari/604.1",,https://www.visionservice.io/sakana-center-1,2
2025-11-29T09:37:00+09:00,1764376617430,sakana-center,34.8796865,138.3034491,20.20100021,"Mozilla/5.0 (Linux; Android 10; K) AppleWebKit/537.36 (KHTML, like Gecko) Chrome/142.0.0.0 Mobile Safari/537.36",,https://www.visionservice.io/sakana-center-1,2
2025-11-29T09:37:06+09:00,1764376625337,sakana-center,34.8796447,138.3033855,21.93899918,"Mozilla/5.0 (Linux; Android 10; K) AppleWebKit/537.36 (KHTML, like Gecko) Chrome/142.0.0.0 Mobile Safari/537.36",,https://www.visionservice.io/sakana-center-1,2
2025-11-29T10:32:33+09:00,1764379950856,sakana-center,34.87967294,138.3031963,7.394596499,"Mozilla/5.0 (iPhone; CPU iPhone OS 18_6_2 like Mac OS X) AppleWebKit/605.1.15 (KHTML, like Gecko) Version/18.6 Mobile/15E148 Safari/604.1",,https://www.visionservice.io/sakana-center-1,3-5
2025-11-29T11:41:07+09:00,1764384064793,sakana-center,34.8802022,138.3035934,9.659999847,"Mozilla/5.0 (Linux; Android 10; K) AppleWebKit/537.36 (KHTML, like Gecko) SamsungBrowser/29.0 Chrome/136.0.0.0 Mobile Safari/537.36",,https://www.visionservice.io/sakana-center-1,1
2025-11-29T14:26:48+09:00,1764394005137,sakana-center,34.8800933,138.3025738,100,"Mozilla/5.0 (Linux; Android 10; K) AppleWebKit/537.36 (KHTML, like Gecko) Chrome/142.0.0.0 Mobile Safari/537.36",,https://www.visionservice.io/sakana-center-1,2
2025-11-30T10:06:00+09:00,1764464757461,sakana-center,34.88023067,138.3032346,20.59015163,"Mozilla/5.0 (iPhone; CPU iPhone OS 18_6_2 like Mac OS X) AppleWebKit/605.1.15 (KHTML, like Gecko) Mobile/15E148 Safari",,https://www.visionservice.io/sakana-center-1,3-5
2025-11-30T12:19:13+09:00,1764472749969,sakana-center,34.88014663,138.303431,3.535533906,"Mozilla/5.0 (iPhone; CPU iPhone OS 18_6_2 like Mac OS X) AppleWebKit/605.1.15 (KHTML, like Gecko) Version/18.6 Mobile/15E148 Safari/604.1",,https://www.visionservice.io/sakana-center-1,group
2025-11-30T12:19:15+09:00,1764472754283,sakana-center,34.88014663,138.303431,3.535533906,"Mozilla/5.0 (iPhone; CPU iPhone OS 18_6_2 like Mac OS X) AppleWebKit/605.1.15 (KHTML, like Gecko) Version/18.6 Mobile/15E148 Safari/604.1",,https://www.visionservice.io/sakana-center-1,group
2025-11-30T12:28:15+09:00,1764473292978,sakana-center,34.87979115,138.3031164,18.78701723,"Mozilla/5.0 (iPhone; CPU iPhone OS 18_6_2 like Mac OS X) AppleWebKit/605.1.15 (KHTML, like Gecko) Version/18.6 Mobile/15E148 Safari/604.1",,https://www.visionservice.io/sakana-center-1,3-5
2025-11-30T13:42:51+09:00,1764477769466,sakana-center,34.88004963,138.3028328,21.99997212,"Mozilla/5.0 (iPhone; CPU iPhone OS 18_7 like Mac OS X) AppleWebKit/605.1.15 (KHTML, like Gecko) Version/26.1 Mobile/15E148 Safari/604.1",,https://www.visionservice.io/sakana-center-1,2
2025-12-01T13:23:38+09:00,1764563015972,sakana-center,34.8800079,138.3027928,19.28700066,"Mozilla/5.0 (Linux; Android 10; K) AppleWebKit/537.36 (KHTML, like Gecko) Chrome/142.0.0.0 Mobile Safari/537.36",,https://www.visionservice.io/sakana-center-1,2
2025-12-01T15:26:57+09:00,1764570415032,migiwaya,34.8681133,138.3247156,63.85639572,"Mozilla/5.0 (Linux; Android 10; K) AppleWebKit/537.36 (KHTML, like Gecko) Chrome/142.0.0.0 Mobile Safari/537.36",,https://www.visionservice.io/migiwaya,2
2025-12-03T10:59:21+09:00,1764727159064,sakana-center,34.8805496,138.3034516,5.586999893,Mozilla/5.0 (Android 16; Mobile; rv:145.0) Gecko/145.0 Firefox/145.0,,https://www.visionservice.io/sakana-center-1,3-5
2025-12-03T10:59:22+09:00,1764727160762,sakana-center,34.8805496,138.3034516,5.586999893,Mozilla/5.0 (Android 16; Mobile; rv:145.0) Gecko/145.0 Firefox/145.0,,https://www.visionservice.io/sakana-center-1,3-5
2025-12-03T12:35:55+09:00,1764732953255,sakana-center,34.88059721,138.3035102,7.258854962,"Mozilla/5.0 (iPhone; CPU iPhone OS 18_6_2 like Mac OS X) AppleWebKit/605.1.15 (KHTML, like Gecko) Version/18.6 Mobile/15E148 Safari/604.1",,https://www.visionservice.io/sakana-center-1,3-5
2025-12-05T13:47:07+09:00,1764910025431,sakana-center,34.88018954,138.3035071,19.9999992,"Mozilla/5.0 (iPhone; CPU iPhone OS 18_6_2 like Mac OS X) AppleWebKit/605.1.15 (KHTML, like Gecko) Version/18.6 Mobile/15E148 Safari/604.1",,https://www.visionservice.io/sakana-center-1,2
2025-12-06T13:56:52+09:00,1764997010424,sakana-center,34.88004263,138.3025547,20.99607068,"Mozilla/5.0 (iPhone; CPU iPhone OS 18_7 like Mac OS X) AppleWebKit/605.1.15 (KHTML, like Gecko) Version/26.1 Mobile/15E148 Safari/604.1",,https://www.visionservice.io/sakana-center-1,3-5
2025-12-10T08:46:50+09:00,1765324009700,sakana-center,34.8802114,138.3038229,8.673000336,"Mozilla/5.0 (Linux; Android 10; K) AppleWebKit/537.36 (KHTML, like Gecko) Chrome/142.0.0.0 Mobile Safari/537.36",,https://www.visionservice.io/sakana-center-1,1
2025-12-10T08:46:50+09:00,1765324009621,sakana-center,34.8802114,138.3038229,8.673000336,"Mozilla/5.0 (Linux; Android 10; K) AppleWebKit/537.36 (KHTML, like Gecko) Chrome/142.0.0.0 Mobile Safari/537.36",,https://www.visionservice.io/sakana-center-1,1
2025-12-11T11:00:11+09:00,1765418408992,tourist-information-center,34.87166976,138.3187749,14.54618803,"Mozilla/5.0 (iPhone; CPU iPhone OS 18_7 like Mac OS X) AppleWebKit/605.1.15 (KHTML, like Gecko) Version/26.1 Mobile/15E148 Safari/604.1",,https://www.visionservice.io/tourist-information-center,1
2025-12-11T11:02:42+09:00,1765418560199,tourist-information-center,34.87166977,138.3187749,12.01224474,"Mozilla/5.0 (iPhone; CPU iPhone OS 18_7 like Mac OS X) AppleWebKit/605.1.15 (KHTML, like Gecko) Version/26.1 Mobile/15E148 Safari/604.1",,https://www.visionservice.io/tourist-information-center,1
2025-12-11T11:03:29+09:00,1765418605394,tourist-information-center,34.87166978,138.3187749,16.30601113,"Mozilla/5.0 (iPhone; CPU iPhone OS 18_7 like Mac OS X) AppleWebKit/605.1.15 (KHTML, like Gecko) Version/26.1 Mobile/15E148 Safari/604.1",,https://www.visionservice.io/tourist-information-center,1
2025-12-11T11:33:45+09:00,1765420423600,sakana-center,34.88061811,138.3030234,4.687548552,"Mozilla/5.0 (iPhone; CPU iPhone OS 18_6_2 like Mac OS X) AppleWebKit/605.1.15 (KHTML, like Gecko) Version/18.6 Mobile/15E148 Safari/604.1",,https://www.visionservice.io/sakana-center-1,2
2025-12-11T11:33:54+09:00,1765420431201,sakana-center,34.88061811,138.3030234,4.687548552,"Mozilla/5.0 (iPhone; CPU iPhone OS 18_6_2 like Mac OS X) AppleWebKit/605.1.15 (KHTML, like Gecko) Version/18.6 Mobile/15E148 Safari/604.1",,https://www.visionservice.io/sakana-center-1,2
2025-12-11T11:34:02+09:00,1765420439933,sakana-center,34.8806455,138.3031239,4.617246295,"Mozilla/5.0 (iPhone; CPU iPhone OS 18_7 like Mac OS X) AppleWebKit/605.1.15 (KHTML, like Gecko) Version/26.1 Mobile/15E148 Safari/604.1",,https://www.visionservice.io/sakana-center-1,2
2025-12-11T11:36:53+09:00,1765420612411,sakana-center,34.88108974,138.3032506,40.99999991,"Mozilla/5.0 (iPhone; CPU iPhone OS 18_6_2 like Mac OS X) AppleWebKit/605.1.15 (KHTML, like Gecko) Version/18.6 Mobile/15E148 Safari/604.1",,https://www.visionservice.io/sakana-center-1,2
2025-12-11T13:02:07+09:00,1765425722771,sakana-center,34.87974413,138.3033302,38.41624897,"Mozilla/5.0 (iPhone; CPU iPhone OS 18_6_0 like Mac OS X) AppleWebKit/605.1.15 (KHTML, like Gecko) CriOS/143.0.7499.92 Mobile/15E148 Safari/604.1",,https://www.visionservice.io/sakana-center-1,group
2025-12-11T13:24:44+09:00,1765427083009,sakana-center,34.8802051,138.3036432,18.02899933,"Mozilla/5.0 (Linux; Android 10; K) AppleWebKit/537.36 (KHTML, like Gecko) Chrome/143.0.0.0 Mobile Safari/537.36",,https://www.visionservice.io/sakana-center-1,1
2025-12-11T13:26:17+09:00,1765427176137,sakana-center,34.8801466,138.3028355,18.24900055,"Mozilla/5.0 (Linux; Android 10; K) AppleWebKit/537.36 (KHTML, like Gecko) Chrome/143.0.0.0 Mobile Safari/537.36",,https://www.visionservice.io/sakana-center-1,2
2025-12-11T13:26:27+09:00,1765427185836,sakana-center,34.8801929,138.3027877,19.48900032,"Mozilla/5.0 (Linux; Android 10; K) AppleWebKit/537.36 (KHTML, like Gecko) Chrome/143.0.0.0 Mobile Safari/537.36",,https://www.visionservice.io/sakana-center-1,1
2025-12-12T15:22:29+09:00,1765520546512,tourist-information-center,34.8715739,138.3188154,15.43200016,"Mozilla/5.0 (Linux; Android 10; K) AppleWebKit/537.36 (KHTML, like Gecko) Chrome/143.0.0.0 Mobile Safari/537.36",,https://www.visionservice.io/tourist-information-center,1
2025-12-13T12:11:04+09:00,1765595461926,sakana-center,34.88021989,138.3033917,14.08643767,"Mozilla/5.0 (iPhone; CPU iPhone OS 18_6_2 like Mac OS X) AppleWebKit/605.1.15 (KHTML, like Gecko) Version/18.6 Mobile/15E148 Safari/604.1",,https://www.visionservice.io/sakana-center-1,3-5
2025-12-13T12:59:14+09:00,1765598351488,sakana-center,34.88060174,138.3031274,16.96920714,"Mozilla/5.0 (iPhone; CPU iPhone OS 18_7 like Mac OS X) AppleWebKit/605.1.15 (KHTML, like Gecko) Version/26.1 Mobile/15E148 Safari/604.1",,https://www.visionservice.io/sakana-center-1,2
2025-12-13T12:59:21+09:00,1765598359483,sakana-center,34.88042412,138.3031125,27.87432844,"Mozilla/5.0 (iPhone; CPU iPhone OS 18_7 like Mac OS X) AppleWebKit/605.1.15 (KHTML, like Gecko) Version/26.1 Mobile/15E148 Safari/604.1",,https://www.visionservice.io/sakana-center-1,3-5
2025-12-13T13:27:54+09:00,1765600073414,sakana-center,34.8803661,138.3036326,21.71299934,"Mozilla/5.0 (Linux; Android 10; K) AppleWebKit/537.36 (KHTML, like Gecko) Chrome/142.0.0.0 Mobile Safari/537.36",,https://www.visionservice.io/sakana-center-1,2
2025-12-15T13:38:42+09:00,1765773521545,sakana-center,34.8799893,138.3025922,12.93999958,"Mozilla/5.0 (Linux; Android 10; K) AppleWebKit/537.36 (KHTML, like Gecko) Chrome/143.0.0.0 Mobile Safari/537.36",,https://www.visionservice.io/sakana-center-1,2
2025-12-15T13:41:43+09:00,1765773701438,sakana-center,34.87960897,138.3032686,15.84045386,"Mozilla/5.0 (iPhone; CPU iPhone OS 18_6_2 like Mac OS X) AppleWebKit/605.1.15 (KHTML, like Gecko) CriOS/143.0.7499.108 Mobile/15E148 Safari/604.1",,https://www.visionservice.io/sakana-center-1,1
2025-12-17T10:27:05+09:00,1765934823322,sakana-center,35.6613338,139.756963,14.84899998,"Mozilla/5.0 (Linux; Android 10; K) AppleWebKit/537.36 (KHTML, like Gecko) Chrome/143.0.0.0 Mobile Safari/537.36",,https://www.visionservice.io/sakana-center-1,1
2025-12-17T10:28:50+09:00,1765934928733,tourist-information-center,35.6613357,139.7569671,19.97699928,"Mozilla/5.0 (Linux; Android 10; K) AppleWebKit/537.36 (KHTML, like Gecko) Chrome/143.0.0.0 Mobile Safari/537.36",,https://www.visionservice.io/tourist-information-center,1
2025-12-19T11:13:24+09:00,1766110402317,sakana-center,34.8802226,138.3032001,25.31100082,"Mozilla/5.0 (Linux; Android 10; K) AppleWebKit/537.36 (KHTML, like Gecko) Chrome/143.0.0.0 Mobile Safari/537.36",,https://www.visionservice.io/sakana-center-1,3-5
2025-12-20T11:49:09+09:00,1766198948015,sakana-center,34.88051875,138.3031832,5.252766978,"Mozilla/5.0 (iPhone; CPU iPhone OS 18_7 like Mac OS X) AppleWebKit/605.1.15 (KHTML, like Gecko) Version/26.1 Mobile/15E148 Safari/604.1",,https://www.visionservice.io/sakana-center-1,1
2025-12-20T12:28:34+09:00,1766201312650,sakana-center,34.880094,138.3027164,20,"Mozilla/5.0 (Linux; Android 10; K) AppleWebKit/537.36 (KHTML, like Gecko) Chrome/143.0.0.0 Mobile Safari/537.36",,https://www.visionservice.io/sakana-center-1,3-5
2025-12-21T07:56:16+09:00,1766271371810,tourist-information-center,34.8716756,138.318785,31.2310009,"Mozilla/5.0 (Linux; Android 10; K) AppleWebKit/537.36 (KHTML, like Gecko) Chrome/143.0.0.0 Mobile Safari/537.36",,https://www.visionservice.io/tourist-information-center,1
2025-12-21T07:56:25+09:00,1766271382230,tourist-information-center,34.8716571,138.3187166,6.831999779,"Mozilla/5.0 (Linux; Android 10; K) AppleWebKit/537.36 (KHTML, like Gecko) Chrome/143.0.0.0 Mobile Safari/537.36",,https://www.visionservice.io/tourist-information-center?status=checkedin,1
2025-12-21T07:56:50+09:00,1766271407766,tourist-information-center,34.871591,138.3179732,77.89499664,"Mozilla/5.0 (Linux; Android 10; K) AppleWebKit/537.36 (KHTML, like Gecko) Chrome/143.0.0.0 Mobile Safari/537.36",,https://www.visionservice.io/tourist-information-center?status=checkedin,1
2025-12-21T09:18:03+09:00,1766276281002,sakana-center,34.8801223,138.3026192,11.59399986,"Mozilla/5.0 (Linux; Android 10; K) AppleWebKit/537.36 (KHTML, like Gecko) Chrome/143.0.0.0 Mobile Safari/537.36",,https://www.visionservice.io/sakana-center-1,group
2025-12-21T10:19:58+09:00,1766279998547,sakana-center,34.8801347,138.3034271,29.32900047,"Mozilla/5.0 (Linux; Android 10; K) AppleWebKit/537.36 (KHTML, like Gecko) Chrome/143.0.0.0 Mobile Safari/537.36",,https://www.visionservice.io/sakana-center-1,2
2025-12-21T10:20:03+09:00,1766280001447,sakana-center,34.88006315,138.3035124,4.74865153,"Mozilla/5.0 (iPhone; CPU iPhone OS 18_6_2 like Mac OS X) AppleWebKit/605.1.15 (KHTML, like Gecko) Version/18.6 Mobile/15E148 Safari/604.1",,https://www.visionservice.io/sakana-center-1,2
2025-12-21T10:20:03+09:00,1766280004196,sakana-center,34.8801725,138.3034702,21.42900085,"Mozilla/5.0 (Linux; Android 10; K) AppleWebKit/537.36 (KHTML, like Gecko) Chrome/143.0.0.0 Mobile Safari/537.36",,https://www.visionservice.io/sakana-center-1,2
2025-12-21T10:20:05+09:00,1766280002637,sakana-center,34.88006206,138.3035167,4.74865153,"Mozilla/5.0 (iPhone; CPU iPhone OS 18_6_2 like Mac OS X) AppleWebKit/605.1.15 (KHTML, like Gecko) Version/18.6 Mobile/15E148 Safari/604.1",,https://www.visionservice.io/sakana-center-1,2
2025-12-21T11:12:04+09:00,1766283121927,sakana-center,34.88044467,138.303443,13.96199022,"Mozilla/5.0 (iPhone; CPU iPhone OS 18_6_2 like Mac OS X) AppleWebKit/605.1.15 (KHTML, like Gecko) Version/18.6 Mobile/15E148 Safari/604.1",,https://www.visionservice.io/sakana-center-1,2
2025-12-21T12:07:02+09:00,1766286420179,sakana-center,34.88037233,138.3033474,2.71219099,"Mozilla/5.0 (iPhone; CPU iPhone OS 18_5 like Mac OS X) AppleWebKit/605.1.15 (KHTML, like Gecko) Version/18.5 Mobile/15E148 Safari/604.1",,https://www.visionservice.io/sakana-center-1,3-5
2025-12-21T12:07:03+09:00,1766286422154,sakana-center,34.88038149,138.3033495,2.873987726,"Mozilla/5.0 (iPhone; CPU iPhone OS 18_5 like Mac OS X) AppleWebKit/605.1.15 (KHTML, like Gecko) Version/18.5 Mobile/15E148 Safari/604.1",,https://www.visionservice.io/sakana-center-1,3-5
2025-12-22T16:12:51+09:00,1766387568296,migiwaya,34.86793957,138.3247532,16.67623295,"Mozilla/5.0 (iPhone; CPU iPhone OS 18_6_2 like Mac OS X) AppleWebKit/605.1.15 (KHTML, like Gecko) Version/18.6 Mobile/15E148 Safari/604.1",,https://www.visionservice.io/migiwaya,2
2025-12-22T16:12:52+09:00,1766387569980,migiwaya,34.86802689,138.3247638,23.99997006,"Mozilla/5.0 (iPhone; CPU iPhone OS 18_6_2 like Mac OS X) AppleWebKit/605.1.15 (KHTML, like Gecko) Version/18.6 Mobile/15E148 Safari/604.1",,https://www.visionservice.io/migiwaya,2
2025-12-22T16:12:55+09:00,1766387573032,migiwaya,34.86802673,138.3247636,23.99997093,"Mozilla/5.0 (iPhone; CPU iPhone OS 18_6_2 like Mac OS X) AppleWebKit/605.1.15 (KHTML, like Gecko) Version/18.6 Mobile/15E148 Safari/604.1",,https://www.visionservice.io/migiwaya,2
2025-12-22T16:49:14+09:00,1766389750932,tourist-information-center,34.87171439,138.3188095,14.17544474,"Mozilla/5.0 (iPhone; CPU iPhone OS 18_7 like Mac OS X) AppleWebKit/605.1.15 (KHTML, like Gecko) Version/26.1 Mobile/15E148 Safari/604.1",,https://www.visionservice.io/tourist-information-center,1
2025-12-22T17:02:03+09:00,1766390520840,tourist-information-center,34.8671481,138.322945,15.29500008,"Mozilla/5.0 (Linux; Android 10; K) AppleWebKit/537.36 (KHTML, like Gecko) Chrome/143.0.0.0 Mobile Safari/537.36",,https://www.visionservice.io/tourist-information-center,1
2025-12-23T13:19:52+09:00,1766463589936,sakana-center,34.8796197,138.303598,29.45199966,"Mozilla/5.0 (Linux; Android 10; K) AppleWebKit/537.36 (KHTML, like Gecko) Chrome/143.0.0.0 Mobile Safari/537.36",,https://www.visionservice.io/sakana-center-1,group
2025-12-23T15:06:31+09:00,1766469988723,migiwaya,34.8682686,138.3246923,14.25699997,"Mozilla/5.0 (Linux; Android 10; K) AppleWebKit/537.36 (KHTML, like Gecko) SamsungBrowser/29.0 Chrome/136.0.0.0 Mobile Safari/537.36",,https://www.visionservice.io/migiwaya,2
2025-12-24T11:03:58+09:00,1766541835412,sakana-center,34.88026171,138.3036935,7.642938667,"Mozilla/5.0 (iPhone; CPU iPhone OS 18_7 like Mac OS X) AppleWebKit/605.1.15 (KHTML, like Gecko) Version/26.1 Mobile/15E148 Safari/604.1",,https://www.visionservice.io/sakana-center-1,3-5
2025-12-24T12:41:29+09:00,1766547687704,sakana-center,34.8801648,138.3032768,19.37100029,"Mozilla/5.0 (Linux; Android 10; K) AppleWebKit/537.36 (KHTML, like Gecko) Chrome/143.0.0.0 Mobile Safari/537.36",,https://www.visionservice.io/sakana-center-1,1
2025-12-24T12:41:34+09:00,1766547693855,sakana-center,34.8801997,138.3032684,16.40600014,"Mozilla/5.0 (Linux; Android 10; K) AppleWebKit/537.36 (KHTML, like Gecko) Chrome/143.0.0.0 Mobile Safari/537.36",,https://www.visionservice.io/sakana-center-1,1
2025-12-24T16:37:52+09:00,1766561869986,tourist-information-center,34.87958951,138.3033081,56,"Mozilla/5.0 (Windows NT 10.0; Win64; x64) AppleWebKit/537.36 (KHTML, like Gecko) Chrome/143.0.0.0 Safari/537.36 Edg/143.0.0.0",https://www.yaizu.gr.jp/,https://www.visionservice.io/tourist-information-center,1
2025-12-25T08:44:37+09:00,1766619874905,tourist-information-center,34.88288288,138.3327172,2000,"Mozilla/5.0 (Linux; Android 10; K) AppleWebKit/537.36 (KHTML, like Gecko) Chrome/143.0.0.0 Mobile Safari/537.36",,https://www.visionservice.io/tourist-information-center,2
2025-12-25T11:08:43+09:00,1766628523077,sakana-center,34.8802498,138.303915,25.84199905,"Mozilla/5.0 (Linux; Android 10; K) AppleWebKit/537.36 (KHTML, like Gecko) Chrome/143.0.0.0 Mobile Safari/537.36",,https://www.visionservice.io/sakana-center-1,2
2025-12-25T12:02:02+09:00,1766631720635,sakana-center,34.8805371,138.3030766,4.74865153,"Mozilla/5.0 (iPhone; CPU iPhone OS 18_7 like Mac OS X) AppleWebKit/605.1.15 (KHTML, like Gecko) Version/26.1 Mobile/15E148 Safari/604.1",,https://www.visionservice.io/sakana-center-1,2
2025-12-25T12:50:53+09:00,1766634651958,sakana-center,34.88001453,138.303686,31.95785346,"Mozilla/5.0 (iPhone; CPU iPhone OS 18_6_2 like Mac OS X) AppleWebKit/605.1.15 (KHTML, like Gecko) Version/18.6 Mobile/15E148 Safari/604.1",,https://www.visionservice.io/sakana-center-1,3-5
2025-12-25T12:52:30+09:00,1766634747830,sakana-center,34.87990685,138.3040387,8.658782436,"Mozilla/5.0 (iPhone; CPU iPhone OS 18_6_2 like Mac OS X) AppleWebKit/605.1.15 (KHTML, like Gecko) Version/18.6 Mobile/15E148 Safari/604.1",,https://www.visionservice.io/sakana-center-1,3-5
2025-12-25T15:16:50+09:00,1766643409003,tourist-information-center,34.87168095,138.3187795,25.99932435,"Mozilla/5.0 (iPhone; CPU iPhone OS 18_7 like Mac OS X) AppleWebKit/605.1.15 (KHTML, like Gecko) Version/26.1 Mobile/15E148 Safari/604.1",,https://www.visionservice.io/tourist-information-center,1
2025-12-25T15:17:06+09:00,1766643424561,tourist-information-center,34.87059197,138.3201671,1414.000052,"Mozilla/5.0 (iPhone; CPU iPhone OS 18_7 like Mac OS X) AppleWebKit/605.1.15 (KHTML, like Gecko) Version/26.2 Mobile/15E148 Safari/604.1",,https://www.visionservice.io/tourist-information-center,1
2025-12-25T15:17:19+09:00,1766643437585,tourist-information-center,34.87169342,138.3188863,31.7258878,"Mozilla/5.0 (iPhone; CPU iPhone OS 18_7 like Mac OS X) AppleWebKit/605.1.15 (KHTML, like Gecko) Version/26.1 Mobile/15E148 Safari/604.1",,https://www.visionservice.io/tourist-information-center,1
2025-12-25T15:17:41+09:00,1766643458765,tourist-information-center,34.87182459,138.3187281,7.177232543,"Mozilla/5.0 (iPhone; CPU iPhone OS 18_7 like Mac OS X) AppleWebKit/605.1.15 (KHTML, like Gecko) Version/26.1 Mobile/15E148 Safari/604.1",,https://www.visionservice.io/tourist-information-center,1
2025-12-26T09:22:30+09:00,1766708549309,tourist-information-center,34.871858,138.318633,100,"Mozilla/5.0 (Windows NT 10.0; Win64; x64) AppleWebKit/537.36 (KHTML, like Gecko) Chrome/143.0.0.0 Safari/537.36 Edg/143.0.0.0",https://www.yaizu.gr.jp/,https://www.visionservice.io/tourist-information-center,2
2025-12-26T11:18:03+09:00,1766715482295,tourist-information-center,35.6613415,139.7570068,14.34399986,"Mozilla/5.0 (Linux; Android 10; K) AppleWebKit/537.36 (KHTML, like Gecko) Chrome/143.0.0.0 Mobile Safari/537.36",,https://www.visionservice.io/tourist-information-center,1
2025-12-26T11:32:28+09:00,1766716345898,tourist-information-center,34.86733823,138.3230839,34.6469585,"Mozilla/5.0 (iPhone; CPU iPhone OS 18_6_2 like Mac OS X) AppleWebKit/605.1.15 (KHTML, like Gecko) Version/18.6 Mobile/15E148 Safari/604.1",,https://www.visionservice.io/tourist-information-center,1
2025-12-26T16:39:02+09:00,1766734740807,tourist-information-center,34.86734934,138.3230429,30.82465315,"Mozilla/5.0 (iPhone; CPU iPhone OS 18_7 like Mac OS X) AppleWebKit/605.1.15 (KHTML, like Gecko) Version/26.1 Mobile/15E148 Safari/604.1",,https://www.visionservice.io/tourist-information-center,2
2025-12-26T16:39:03+09:00,1766734741850,tourist-information-center,34.8673381,138.3230046,23.92796407,"Mozilla/5.0 (iPhone; CPU iPhone OS 18_7 like Mac OS X) AppleWebKit/605.1.15 (KHTML, like Gecko) Version/26.1 Mobile/15E148 Safari/604.1",,https://www.visionservice.io/tourist-information-center,2
2025-12-27T10:41:52+09:00,1766799709483,tourist-information-center,34.87181959,138.3187069,12.57593653,"Mozilla/5.0 (iPhone; CPU iPhone OS 18_7 like Mac OS X) AppleWebKit/605.1.15 (KHTML, like Gecko) Version/26.1 Mobile/15E148 Safari/604.1",,https://www.visionservice.io/tourist-information-center,1
2025-12-27T11:51:42+09:00,1766803901740,sakana-center,34.8796759,138.3035814,36.90000153,"Mozilla/5.0 (Linux; Android 10; K) AppleWebKit/537.36 (KHTML, like Gecko) Chrome/142.0.0.0 Mobile Safari/537.36",,https://www.visionservice.io/sakana-center-1,1
2025-12-27T11:51:46+09:00,1766803905761,sakana-center,34.8798134,138.3034865,23.51600075,"Mozilla/5.0 (Linux; Android 10; K) AppleWebKit/537.36 (KHTML, like Gecko) Chrome/142.0.0.0 Mobile Safari/537.36",,https://www.visionservice.io/sakana-center-1,1
2025-12-27T11:58:08+09:00,1766804285708,tourist-information-center,35.299479,139.5727939,15.89000034,"Mozilla/5.0 (Linux; Android 10; K) AppleWebKit/537.36 (KHTML, like Gecko) Chrome/143.0.0.0 Mobile Safari/537.36",,https://www.visionservice.io/tourist-information-center,1
2025-12-27T11:59:32+09:00,1766804369945,tourist-information-center,35.2994973,139.5727512,14.56200027,"Mozilla/5.0 (Linux; Android 10; K) AppleWebKit/537.36 (KHTML, like Gecko) Chrome/143.0.0.0 Mobile Safari/537.36",,https://www.visionservice.io/tourist-information-center,2
2025-12-27T12:43:05+09:00,1766806982418,sakana-center,34.8800959,138.3026995,15.41899967,"Mozilla/5.0 (Linux; Android 10; K) AppleWebKit/537.36 (KHTML, like Gecko) Chrome/143.0.0.0 Mobile Safari/537.36",,https://www.visionservice.io/sakana-center-1,3-5
2025-12-27T15:36:08+09:00,1766817365978,sakana-center,34.87991745,138.3036776,17.38204151,"Mozilla/5.0 (iPhone; CPU iPhone OS 18_7 like Mac OS X) AppleWebKit/605.1.15 (KHTML, like Gecko) Version/26.1 Mobile/15E148 Safari/604.1",,https://www.visionservice.io/sakana-center-1,3-5
2025-12-28T11:06:34+09:00,1766887591934,sakana-center,34.88024849,138.3035286,15.9698027,"Mozilla/5.0 (iPhone; CPU iPhone OS 18_7 like Mac OS X) AppleWebKit/605.1.15 (KHTML, like Gecko) Version/26.1 Mobile/15E148 Safari/604.1",,https://www.visionservice.io/sakana-center-1,1
2025-12-28T11:12:48+09:00,1766887965695,sakana-center,34.8803229,138.303739,3.779522845,"Mozilla/5.0 (iPhone; CPU iPhone OS 18_7 like Mac OS X) AppleWebKit/605.1.15 (KHTML, like Gecko) Version/26.2 Mobile/15E148 Safari/604.1",,https://www.visionservice.io/sakana-center-1,2
2025-12-29T09:32:59+09:00,1766968377566,sakana-center,34.8798359,138.3031883,15.52900028,"Mozilla/5.0 (Linux; Android 10; K) AppleWebKit/537.36 (KHTML, like Gecko) Chrome/141.0.0.0 Mobile Safari/537.36",,https://www.visionservice.io/sakana-center-1,3-5
2025-12-29T09:33:00+09:00,1766968379626,sakana-center,34.8798023,138.3031865,10.48400021,"Mozilla/5.0 (Linux; Android 10; K) AppleWebKit/537.36 (KHTML, like Gecko) Chrome/141.0.0.0 Mobile Safari/537.36",,https://www.visionservice.io/sakana-center-1,3-5
2025-12-29T10:08:51+09:00,1766970529008,sakana-center,34.88060504,138.3035368,50.73750438,"Mozilla/5.0 (iPhone; CPU iPhone OS 18_6_2 like Mac OS X) AppleWebKit/605.1.15 (KHTML, like Gecko) Version/18.6 Mobile/15E148 Safari/604.1",,https://www.visionservice.io/sakana-center-1,3-5
2025-12-29T11:57:59+09:00,1766977077923,sakana-center,34.8803719,138.3027928,25.64900017,"Mozilla/5.0 (Linux; Android 11; X5-LG) AppleWebKit/537.36 (KHTML, like Gecko) Chrome/103.0.0.0 Mobile Safari/537.36",,https://www.visionservice.io/sakana-center-1,2
2025-12-29T14:01:08+09:00,1766984466103,sakana-center,34.88015299,138.3034718,18.07669207,"Mozilla/5.0 (iPhone; CPU iPhone OS 18_6_2 like Mac OS X) AppleWebKit/605.1.15 (KHTML, like Gecko) Version/18.6 Mobile/15E148 Safari/604.1",,https://www.visionservice.io/sakana-center-1,3-5
2025-12-29T14:01:11+09:00,1766984469860,sakana-center,34.88024176,138.3034757,18.16334603,"Mozilla/5.0 (iPhone; CPU iPhone OS 18_6_2 like Mac OS X) AppleWebKit/605.1.15 (KHTML, like Gecko) Version/18.6 Mobile/15E148 Safari/604.1",,https://www.visionservice.io/sakana-center-1,3-5
2025-12-29T14:04:26+09:00,1766984662914,sakana-center,34.8805379,138.303069,21.52700043,"Mozilla/5.0 (Linux; Android 10; K) AppleWebKit/537.36 (KHTML, like Gecko) Chrome/143.0.0.0 Mobile Safari/537.36",,https://www.visionservice.io/sakana-center-1,3-5
2025-12-29T14:48:03+09:00,1766987283590,sakana-center,34.8796043,138.3036177,31.48200035,"Mozilla/5.0 (Linux; Android 10; K) AppleWebKit/537.36 (KHTML, like Gecko) Chrome/143.0.0.0 Mobile Safari/537.36",,https://www.visionservice.io/sakana-center-1,2
2025-12-29T14:48:09+09:00,1766987289800,sakana-center,34.8796124,138.3036178,29.57500076,"Mozilla/5.0 (Linux; Android 10; K) AppleWebKit/537.36 (KHTML, like Gecko) Chrome/143.0.0.0 Mobile Safari/537.36",,https://www.visionservice.io/sakana-center-1,2
2025-12-30T07:23:24+09:00,1767047002711,sakana-center,34.88003965,138.3028059,25.94779646,"Mozilla/5.0 (iPhone; CPU iPhone OS 18_6_2 like Mac OS X) AppleWebKit/605.1.15 (KHTML, like Gecko) Version/18.6 Mobile/15E148 Safari/604.1",,https://www.visionservice.io/sakana-center-1,3-5
2025-12-30T09:40:26+09:00,1767055224819,sakana-center,34.8803945,138.3037548,17.97599983,"Mozilla/5.0 (Linux; Android 10; K) AppleWebKit/537.36 (KHTML, like Gecko) Chrome/143.0.0.0 Mobile Safari/537.36",,https://www.visionservice.io/sakana-center-1,3-5
2025-12-30T09:40:29+09:00,1767055227579,sakana-center,34.8803938,138.3037536,14.79399967,"Mozilla/5.0 (Linux; Android 10; K) AppleWebKit/537.36 (KHTML, like Gecko) Chrome/143.0.0.0 Mobile Safari/537.36",,https://www.visionservice.io/sakana-center-1,3-5
2025-12-30T11:19:57+09:00,1767061195379,tourist-information-center,34.97176278,138.3887873,63.495014,"Mozilla/5.0 (iPhone; CPU iPhone OS 18_7 like Mac OS X) AppleWebKit/605.1.15 (KHTML, like Gecko) Version/26.1 Mobile/15E148 Safari/604.1",,https://www.visionservice.io/tourist-information-center,2
2025-12-30T11:20:08+09:00,1767061206697,tourist-information-center,34.97176278,138.3887873,63.495014,"Mozilla/5.0 (iPhone; CPU iPhone OS 18_7 like Mac OS X) AppleWebKit/605.1.15 (KHTML, like Gecko) Version/26.1 Mobile/15E148 Safari/604.1",,https://www.visionservice.io/tourist-information-center?status=checkedin,1
2025-12-30T11:37:33+09:00,1767062251102,sakana-center,34.8800513,138.3026971,10.76399994,"Mozilla/5.0 (Linux; Android 10; K) AppleWebKit/537.36 (KHTML, like Gecko) SamsungBrowser/29.0 Chrome/136.0.0.0 Mobile Safari/537.36",,https://www.visionservice.io/sakana-center-1,3-5
2025-12-30T11:47:39+09:00,1767062857856,sakana-center,34.8800632,138.3026865,8.723999977,"Mozilla/5.0 (Linux; Android 10; K) AppleWebKit/537.36 (KHTML, like Gecko) Chrome/143.0.0.0 Mobile Safari/537.36",,https://www.visionservice.io/sakana-center-1,3-5
2025-12-30T11:47:42+09:00,1767062860440,sakana-center,34.8800668,138.3026856,6.355999947,"Mozilla/5.0 (Linux; Android 10; K) AppleWebKit/537.36 (KHTML, like Gecko) Chrome/143.0.0.0 Mobile Safari/537.36",,https://www.visionservice.io/sakana-center-1,3-5
2025-12-30T12:01:08+09:00,1767063666167,sakana-center,34.8801077,138.3025917,13.34000015,"Mozilla/5.0 (Linux; Android 10; K) AppleWebKit/537.36 (KHTML, like Gecko) Chrome/143.0.0.0 Mobile Safari/537.36",,https://www.visionservice.io/sakana-center-1,3-5
2025-12-30T12:01:11+09:00,1767063669396,sakana-center,34.8800487,138.3026894,9.890999794,"Mozilla/5.0 (Linux; Android 10; K) AppleWebKit/537.36 (KHTML, like Gecko) Chrome/143.0.0.0 Mobile Safari/537.36",,https://www.visionservice.io/sakana-center-1,3-5
2025-12-30T12:28:40+09:00,1767065318366,sakana-center,34.87984629,138.3035925,7.156193924,"Mozilla/5.0 (iPhone; CPU iPhone OS 18_6_1 like Mac OS X) AppleWebKit/605.1.15 (KHTML, like Gecko) Version/18.6 Mobile/15E148 Safari/604.1",,https://www.visionservice.io/sakana-center-1,2
2025-12-30T13:09:00+09:00,1767067737996,sakana-center,34.88000836,138.302663,3.158776566,"Mozilla/5.0 (iPhone; CPU iPhone OS 18_7 like Mac OS X) AppleWebKit/605.1.15 (KHTML, like Gecko) Version/26.1 Mobile/15E148 Safari/604.1",,https://www.visionservice.io/sakana-center-1,2
2025-12-30T13:12:23+09:00,1767067940884,sakana-center,34.88000158,138.3029225,19.29008075,"Mozilla/5.0 (iPhone; CPU iPhone OS 18_7 like Mac OS X) AppleWebKit/605.1.15 (KHTML, like Gecko) Version/26.1 Mobile/15E148 Safari/604.1",,https://www.visionservice.io/sakana-center-1,2
2025-12-30T13:16:16+09:00,1767068174594,sakana-center,34.8801297,138.3034813,8.777999878,"Mozilla/5.0 (Linux; Android 10; K) AppleWebKit/537.36 (KHTML, like Gecko) SamsungBrowser/29.0 Chrome/136.0.0.0 Mobile Safari/537.36",,https://www.visionservice.io/sakana-center-1,3-5
2025-12-30T13:16:56+09:00,1767068213895,sakana-center,34.87997638,138.3026271,6.310061394,"Mozilla/5.0 (iPhone; CPU iPhone OS 18_7 like Mac OS X) AppleWebKit/605.1.15 (KHTML, like Gecko) Version/26.2 Mobile/15E148 Safari/604.1",,https://www.visionservice.io/sakana-center-1,3-5
2025-12-30T13:30:48+09:00,1767069047648,tourist-information-center,34.8569039,138.3264841,28.96299934,"Mozilla/5.0 (Linux; Android 10; K) AppleWebKit/537.36 (KHTML, like Gecko) Chrome/142.0.0.0 Mobile Safari/537.36",,https://www.visionservice.io/tourist-information-center,1
2025-12-30T13:30:48+09:00,1767069047654,tourist-information-center,34.8569039,138.3264841,28.96299934,"Mozilla/5.0 (Linux; Android 10; K) AppleWebKit/537.36 (KHTML, like Gecko) Chrome/142.0.0.0 Mobile Safari/537.36",,https://www.visionservice.io/tourist-information-center,1
2025-12-30T13:30:51+09:00,1767069050703,tourist-information-center,34.8568922,138.3264347,43.50099945,"Mozilla/5.0 (Linux; Android 10; K) AppleWebKit/537.36 (KHTML, like Gecko) Chrome/142.0.0.0 Mobile Safari/537.36",,https://www.visionservice.io/tourist-information-center,1
2025-12-30T19:03:10+09:00,1767088985874,tourist-information-center,34.87190357,138.3187721,9.75707371,"Mozilla/5.0 (iPhone; CPU iPhone OS 18_7 like Mac OS X) AppleWebKit/605.1.15 (KHTML, like Gecko) Version/26.1 Mobile/15E148 Safari/604.1",,https://www.visionservice.io/tourist-information-center,1
2025-12-30T19:03:13+09:00,1767088990122,tourist-information-center,34.87180507,138.3187994,22.56226767,"Mozilla/5.0 (iPhone; CPU iPhone OS 18_7 like Mac OS X) AppleWebKit/605.1.15 (KHTML, like Gecko) Version/26.1 Mobile/15E148 Safari/604.1",,https://www.visionservice.io/tourist-information-center,1
2025-12-31T09:05:11+09:00,1767139508851,sakana-center,34.87993407,138.3026341,3.535533906,"Mozilla/5.0 (iPhone; CPU iPhone OS 18_6_2 like Mac OS X) AppleWebKit/605.1.15 (KHTML, like Gecko) Version/18.6 Mobile/15E148 Safari/604.1",,https://www.visionservice.io/sakana-center-1,3-5
2025-12-31T09:36:42+09:00,1767141399973,sakana-center,34.88025886,138.3031993,3.535533906,"Mozilla/5.0 (iPhone; CPU iPhone OS 18_7 like Mac OS X) AppleWebKit/605.1.15 (KHTML, like Gecko) Version/26.1 Mobile/15E148 Safari/604.1",,https://www.visionservice.io/sakana-center-1,2
2025-12-31T10:00:46+09:00,1767142844515,sakana-center,34.88042381,138.3037296,4.546133396,"Mozilla/5.0 (iPhone; CPU iPhone OS 18_6_2 like Mac OS X) AppleWebKit/605.1.15 (KHTML, like Gecko) Version/18.6 Mobile/15E148 Safari/604.1",,https://www.visionservice.io/sakana-center-1,2
2025-12-31T10:57:10+09:00,1767146227859,sakana-center,34.87999714,138.3027754,16.18382292,"Mozilla/5.0 (iPhone; CPU iPhone OS 18_7 like Mac OS X) AppleWebKit/605.1.15 (KHTML, like Gecko) Version/26.1 Mobile/15E148 Safari/604.1",,https://www.visionservice.io/sakana-center-1,3-5
2025-12-31T11:12:24+09:00,1767147140869,sakana-center,34.88050399,138.3033037,15.29255868,"Mozilla/5.0 (iPhone; CPU iPhone OS 18_7 like Mac OS X) AppleWebKit/605.1.15 (KHTML, like Gecko) Version/26.1 Mobile/15E148 Safari/604.1",,https://www.visionservice.io/sakana-center-1,2
2025-12-31T11:43:36+09:00,1767149014785,sakana-center,34.87989824,138.3033901,4.219600517,"Mozilla/5.0 (iPhone; CPU iPhone OS 18_7 like Mac OS X) AppleWebKit/605.1.15 (KHTML, like Gecko) Version/18.7.2 Mobile/15E148 Safari/604.1",,https://www.visionservice.io/sakana-center-1,3-5
2025-12-31T12:34:41+09:00,1767152077766,sakana-center,34.8794828,138.3034095,20.68199921,"Mozilla/5.0 (Linux; Android 10; K) AppleWebKit/537.36 (KHTML, like Gecko) Chrome/138.0.0.0 Mobile Safari/537.36 RakutenWebsearch/138.0.7204.168",,https://www.visionservice.io/sakana-center-1,1
2025-12-31T12:34:54+09:00,1767152091554,sakana-center,34.8794894,138.3034376,16.07999992,"Mozilla/5.0 (Linux; Android 10; K) AppleWebKit/537.36 (KHTML, like Gecko) Chrome/138.0.0.0 Mobile Safari/537.36 RakutenWebsearch/138.0.7204.168",,https://www.visionservice.io/sakana-center-1,2
2025-12-31T12:35:20+09:00,1767152118198,sakana-center,34.8795738,138.3029334,53.05799866,"Mozilla/5.0 (Linux; Android 10; K) AppleWebKit/537.36 (KHTML, like Gecko) Chrome/138.0.0.0 Mobile Safari/537.36 RakutenWebsearch/138.0.7204.168",,https://www.visionservice.io/sakana-center-1,2
2025-12-31T13:03:25+09:00,1767153802895,sakana-center,34.88018822,138.3034858,22.03279914,"Mozilla/5.0 (iPhone; CPU iPhone OS 18_7 like Mac OS X) AppleWebKit/605.1.15 (KHTML, like Gecko) Version/26.1 Mobile/15E148 Safari/604.1",,https://www.visionservice.io/sakana-center-1,group
2025-12-31T13:08:16+09:00,1767154094115,sakana-center,34.87999204,138.303584,23.78893948,"Mozilla/5.0 (iPhone; CPU iPhone OS 18_7 like Mac OS X) AppleWebKit/605.1.15 (KHTML, like Gecko) Version/26.1 Mobile/15E148 Safari/604.1",,https://www.visionservice.io/sakana-center-1,group
2025-12-31T13:08:18+09:00,1767154096543,sakana-center,34.88048675,138.303499,16.88358018,"Mozilla/5.0 (iPhone; CPU iPhone OS 18_7 like Mac OS X) AppleWebKit/605.1.15 (KHTML, like Gecko) Version/26.1 Mobile/15E148 Safari/604.1",,https://www.visionservice.io/sakana-center-1,1
2025-12-31T13:08:20+09:00,1767154098938,sakana-center,34.88001398,138.3036068,26.7519852,"Mozilla/5.0 (iPhone; CPU iPhone OS 18_7 like Mac OS X) AppleWebKit/605.1.15 (KHTML, like Gecko) Version/26.1 Mobile/15E148 Safari/604.1",,https://www.visionservice.io/sakana-center-1,group
2025-12-31T13:37:15+09:00,1767155832565,sakana-center,34.88007517,138.3035145,3.667871552,"Mozilla/5.0 (iPhone; CPU iPhone OS 18_7 like Mac OS X) AppleWebKit/605.1.15 (KHTML, like Gecko) Version/26.1 Mobile/15E148 Safari/604.1",,https://www.visionservice.io/sakana-center-1,3-5
2025-12-31T15:46:01+09:00,1767163558955,sakana-center,34.88008489,138.3029715,34.88394692,"Mozilla/5.0 (iPhone; CPU iPhone OS 18_7 like Mac OS X) AppleWebKit/605.1.15 (KHTML, like Gecko) Version/26.1 Mobile/15E148 Safari/604.1",,https://www.visionservice.io/sakana-center-1,2
2026-01-02T10:13:52+09:00,1767316430600,sakana-center,34.88011642,138.3028565,15.09328703,"Mozilla/5.0 (iPhone; CPU iPhone OS 18_7 like Mac OS X) AppleWebKit/605.1.15 (KHTML, like Gecko) Version/26.2 Mobile/15E148 Safari/604.1",,https://www.visionservice.io/sakana-center-1,group
2026-01-02T10:20:26+09:00,1767316825163,sakana-center,34.8803395,138.302953,25.14800072,"Mozilla/5.0 (Linux; Android 10; K) AppleWebKit/537.36 (KHTML, like Gecko) Chrome/143.0.0.0 Mobile Safari/537.36",,https://www.visionservice.io/sakana-center-1,3-5
2026-01-02T11:22:17+09:00,1767320536606,tourist-information-center,35.2994786,139.5727864,100,"Mozilla/5.0 (Linux; Android 10; K) AppleWebKit/537.36 (KHTML, like Gecko) Chrome/143.0.0.0 Mobile Safari/537.36",,https://www.visionservice.io/tourist-information-center,1
2026-01-02T11:50:33+09:00,1767322230856,sakana-center,34.88044907,138.303395,12.93418711,"Mozilla/5.0 (iPhone; CPU iPhone OS 18_7 like Mac OS X) AppleWebKit/605.1.15 (KHTML, like Gecko) Version/26.2 Mobile/15E148 Safari/604.1",,https://www.visionservice.io/sakana-center-1,3-5
2026-01-02T12:03:55+09:00,1767323032457,sakana-center,34.8797536,138.303297,78.77200317,"Mozilla/5.0 (Linux; Android 10; K) AppleWebKit/537.36 (KHTML, like Gecko) Chrome/143.0.0.0 Mobile Safari/537.36",,https://www.visionservice.io/sakana-center-1,2
2026-01-02T12:04:01+09:00,1767323039090,sakana-center,34.8799393,138.302857,31.85199928,"Mozilla/5.0 (Linux; Android 10; K) AppleWebKit/537.36 (KHTML, like Gecko) Chrome/143.0.0.0 Mobile Safari/537.36",,https://www.visionservice.io/sakana-center-1,2
2026-01-02T12:11:08+09:00,1767323465870,sakana-center,34.88045898,138.3033688,19.98988119,"Mozilla/5.0 (iPhone; CPU iPhone OS 18_6_2 like Mac OS X) AppleWebKit/605.1.15 (KHTML, like Gecko) Version/18.6 Mobile/15E148 Safari/604.1",,https://www.visionservice.io/sakana-center-1,2
2026-01-02T13:26:07+09:00,1767327965300,sakana-center,34.88027133,138.3035279,16.82457187,"Mozilla/5.0 (iPhone; CPU iPhone OS 18_7 like Mac OS X) AppleWebKit/605.1.15 (KHTML, like Gecko) Version/26.1 Mobile/15E148 Safari/604.1",,https://www.visionservice.io/sakana-center-1,2
2026-01-02T14:08:50+09:00,1767330529115,tourist-information-center,34.85724943,138.3263992,5.870788913,"Mozilla/5.0 (iPhone; CPU iPhone OS 18_7 like Mac OS X) AppleWebKit/605.1.15 (KHTML, like Gecko) Version/26.2 Mobile/15E148 Safari/604.1",,https://www.visionservice.io/tourist-information-center,1
2026-01-02T14:08:51+09:00,1767330527317,tourist-information-center,34.85722547,138.3264021,6.12784983,"Mozilla/5.0 (iPhone; CPU iPhone OS 18_7 like Mac OS X) AppleWebKit/605.1.15 (KHTML, like Gecko) Version/26.2 Mobile/15E148 Safari/604.1",,https://www.visionservice.io/tourist-information-center,1
2026-01-02T14:08:55+09:00,1767330532269,tourist-information-center,34.85728334,138.3263805,5.611406323,"Mozilla/5.0 (iPhone; CPU iPhone OS 18_7 like Mac OS X) AppleWebKit/605.1.15 (KHTML, like Gecko) Version/26.2 Mobile/15E148 Safari/604.1",,https://www.visionservice.io/tourist-information-center?status=checkedin,1
2026-01-02T15:12:22+09:00,1767334342958,sakana-center,34.8797351,138.3031445,16.0170002,"Mozilla/5.0 (Linux; Android 10; K) AppleWebKit/537.36 (KHTML, like Gecko) Chrome/143.0.0.0 Mobile Safari/537.36",,https://www.visionservice.io/sakana-center-1,2
2026-01-02T15:12:25+09:00,1767334345895,sakana-center,34.8796983,138.3031678,11.58300018,"Mozilla/5.0 (Linux; Android 10; K) AppleWebKit/537.36 (KHTML, like Gecko) Chrome/143.0.0.0 Mobile Safari/537.36",,https://www.visionservice.io/sakana-center-1,2
2026-01-03T13:44:41+09:00,1767415479479,sakana-center,34.87972446,138.3031975,19.35593605,"Mozilla/5.0 (iPhone; CPU iPhone OS 18_6_2 like Mac OS X) AppleWebKit/605.1.15 (KHTML, like Gecko) Version/18.6 Mobile/15E148 Safari/604.1",,https://www.visionservice.io/sakana-center-1,group
2026-01-03T14:04:31+09:00,1767416668649,sakana-center,34.8802675,138.3028673,18.60823233,"Mozilla/5.0 (iPhone; CPU iPhone OS 18_7 like Mac OS X) AppleWebKit/605.1.15 (KHTML, like Gecko) Version/26.1 Mobile/15E148 Safari/604.1",,https://www.visionservice.io/sakana-center-1,3-5
2026-01-03T14:55:22+09:00,1767419719243,sakana-center,34.88014263,138.3035572,5.121270207,"Mozilla/5.0 (iPhone; CPU iPhone OS 18_6_2 like Mac OS X) AppleWebKit/605.1.15 (KHTML, like Gecko) Version/18.6 Mobile/15E148 Safari/604.1",,https://www.visionservice.io/sakana-center-1,3-5
2026-01-03T14:55:25+09:00,1767419723576,sakana-center,34.88015915,138.3035605,4.56280179,"Mozilla/5.0 (iPhone; CPU iPhone OS 18_6_2 like Mac OS X) AppleWebKit/605.1.15 (KHTML, like Gecko) Version/18.6 Mobile/15E148 Safari/604.1",,https://www.visionservice.io/sakana-center-1,3-5
2026-01-04T11:23:50+09:00,1767493429036,sakana-center,34.880321,138.3034845,13.26500034,"Mozilla/5.0 (Linux; Android 10; K) AppleWebKit/537.36 (KHTML, like Gecko) Chrome/143.0.0.0 Mobile Safari/537.36",,https://www.visionservice.io/sakana-center-1,3-5
2026-01-04T13:58:39+09:00,1767502716815,sakana-center,34.88037158,138.3036585,34.78963348,"Mozilla/5.0 (iPhone; CPU iPhone OS 26_1_0 like Mac OS X) AppleWebKit/605.1.15 (KHTML, like Gecko) CriOS/143.0.7499.151 Mobile/15E148 Safari/604.1",,https://www.visionservice.io/sakana-center-1,3-5
2026-01-04T13:58:42+09:00,1767502721104,sakana-center,34.88032686,138.3037465,16.66827934,"Mozilla/5.0 (iPhone; CPU iPhone OS 26_1_0 like Mac OS X) AppleWebKit/605.1.15 (KHTML, like Gecko) CriOS/143.0.7499.151 Mobile/15E148 Safari/604.1",,https://www.visionservice.io/sakana-center-1,3-5
2026-01-04T14:58:34+09:00,1767506311868,sakana-center,34.88004959,138.302917,12.50172039,"Mozilla/5.0 (iPhone; CPU iPhone OS 18_5 like Mac OS X) AppleWebKit/605.1.15 (KHTML, like Gecko) Version/18.5 Mobile/15E148 Safari/604.1",,https://www.visionservice.io/sakana-center-1,3-5
2026-01-04T15:45:56+09:00,1767509154578,sakana-center,34.87964447,138.3031439,24.99433723,"Mozilla/5.0 (iPhone; CPU iPhone OS 18_5 like Mac OS X) AppleWebKit/605.1.15 (KHTML, like Gecko) Version/18.5 Mobile/15E148 Safari/604.1",,https://www.visionservice.io/sakana-center-1,2
2026-01-05T12:25:18+09:00,1767583516153,sakana-center,34.87998702,138.3035992,28.85719405,"Mozilla/5.0 (iPhone; CPU iPhone OS 18_7 like Mac OS X) AppleWebKit/605.1.15 (KHTML, like Gecko) Version/26.2 Mobile/15E148 Safari/604.1",,https://www.visionservice.io/sakana-center-1,2
2026-01-05T12:25:20+09:00,1767583518732,sakana-center,34.87995488,138.3037212,28.99878933,"Mozilla/5.0 (iPhone; CPU iPhone OS 18_7 like Mac OS X) AppleWebKit/605.1.15 (KHTML, like Gecko) Version/26.2 Mobile/15E148 Safari/604.1",,https://www.visionservice.io/sakana-center-1,2
2026-01-08T21:16:10+09:00,1767874569683,tourist-information-center,35.2995099,139.5727512,14.01900005,"Mozilla/5.0 (Linux; Android 10; K) AppleWebKit/537.36 (KHTML, like Gecko) Chrome/143.0.0.0 Mobile Safari/537.36",,https://www.visionservice.io/tourist-information-center,1
2026-01-08T21:17:03+09:00,1767874616650,sakana-center,35.2994368,139.5727731,26.02000046,"Mozilla/5.0 (Linux; Android 10; K) AppleWebKit/537.36 (KHTML, like Gecko) Chrome/143.0.0.0 Mobile Safari/537.36",,https://www.visionservice.io/sakana-center-1,1
2026-01-08T21:17:30+09:00,1767874649706,migiwaya,35.2994368,139.5727731,72.30400085,"Mozilla/5.0 (Linux; Android 10; K) AppleWebKit/537.36 (KHTML, like Gecko) Chrome/143.0.0.0 Mobile Safari/537.36",,https://www.visionservice.io/migiwaya,1
2026-01-09T12:52:48+09:00,1767930767966,sakana-center,34.8798558,138.3033852,11.78100014,"Mozilla/5.0 (Linux; Android 10; K) AppleWebKit/537.36 (KHTML, like Gecko) Chrome/143.0.0.0 Mobile Safari/537.36",,https://www.visionservice.io/sakana-center-1,1
2026-01-10T13:29:14+09:00,1768019352327,sakana-center,34.87987346,138.3036188,20.67151583,"Mozilla/5.0 (iPhone; CPU iPhone OS 18_7 like Mac OS X) AppleWebKit/605.1.15 (KHTML, like Gecko) Version/26.1 Mobile/15E148 Safari/604.1",,https://www.visionservice.io/sakana-center-1,2
2026-01-10T13:47:05+09:00,1768020422816,sakana-center,34.87987209,138.3035744,38.65029627,"Mozilla/5.0 (iPhone; CPU iPhone OS 18_7 like Mac OS X) AppleWebKit/605.1.15 (KHTML, like Gecko) Version/26.1 Mobile/15E148 Safari/604.1",,https://www.visionservice.io/sakana-center-1,2
2026-01-10T13:58:20+09:00,1768021097195,sakana-center,34.8797617,138.302875,12.69999981,"Mozilla/5.0 (Linux; Android 10; K) AppleWebKit/537.36 (KHTML, like Gecko) Chrome/143.0.0.0 Mobile Safari/537.36",,https://www.visionservice.io/sakana-center-1,3-5
2026-01-11T09:25:54+09:00,1768091153394,tourist-information-center,34.8715902,138.3187787,100,"Mozilla/5.0 (Linux; Android 10; K) AppleWebKit/537.36 (KHTML, like Gecko) Chrome/143.0.0.0 Mobile Safari/537.36",,https://www.visionservice.io/tourist-information-center,1
2026-01-11T12:05:41+09:00,1768100738890,sakana-center,34.88039181,138.3029623,3.661625797,"Mozilla/5.0 (iPhone; CPU iPhone OS 18_5 like Mac OS X) AppleWebKit/605.1.15 (KHTML, like Gecko) Version/18.5 Mobile/15E148 Safari/604.1",,https://www.visionservice.io/sakana-center-1,3-5
2026-01-11T12:05:45+09:00,1768100744072,sakana-center,34.88039181,138.3029623,3.661625797,"Mozilla/5.0 (iPhone; CPU iPhone OS 18_5 like Mac OS X) AppleWebKit/605.1.15 (KHTML, like Gecko) Version/18.5 Mobile/15E148 Safari/604.1",,https://www.visionservice.io/sakana-center-1,3-5
2026-01-11T12:58:33+09:00,1768103908377,sakana-center,34.87976364,138.3036393,22.14417287,"Mozilla/5.0 (iPhone; CPU iPhone OS 18_7 like Mac OS X) AppleWebKit/605.1.15 (KHTML, like Gecko) Version/18.7.2 Mobile/15E148 Safari/604.1",,https://www.visionservice.io/sakana-center-1,2
2026-01-11T12:58:37+09:00,1768103915432,sakana-center,34.87977601,138.3036059,20.44353835,"Mozilla/5.0 (iPhone; CPU iPhone OS 18_7 like Mac OS X) AppleWebKit/605.1.15 (KHTML, like Gecko) Version/18.7.2 Mobile/15E148 Safari/604.1",,https://www.visionservice.io/sakana-center-1,2
2026-01-11T12:58:40+09:00,1768103918927,sakana-center,34.87979672,138.3034651,39.47360402,"Mozilla/5.0 (iPhone; CPU iPhone OS 18_7 like Mac OS X) AppleWebKit/605.1.15 (KHTML, like Gecko) Version/18.7.2 Mobile/15E148 Safari/604.1",,https://www.visionservice.io/sakana-center-1,2
2026-01-12T09:59:41+09:00,1768179579887,tourist-information-center,34.871888,138.318594,100,"Mozilla/5.0 (Windows NT 10.0; Win64; x64) AppleWebKit/537.36 (KHTML, like Gecko) Chrome/143.0.0.0 Safari/537.36 Edg/143.0.0.0",https://www.yaizu.gr.jp/,https://www.visionservice.io/tourist-information-center,1
2026-01-12T10:42:48+09:00,1768182165408,tourist-information-center,34.8717446,138.3188276,23.42021253,"Mozilla/5.0 (iPhone; CPU iPhone OS 18_7 like Mac OS X) AppleWebKit/605.1.15 (KHTML, like Gecko) Version/26.1 Mobile/15E148 Safari/604.1",,https://www.visionservice.io/tourist-information-center,1
2026-01-12T11:22:39+09:00,1768184555821,sakana-center,34.8796526,138.3035593,34.1780014,"Mozilla/5.0 (Linux; Android 10; K) AppleWebKit/537.36 (KHTML, like Gecko) Chrome/143.0.0.0 Mobile Safari/537.36",,https://www.visionservice.io/sakana-center-1,2
2026-01-12T14:58:38+09:00,1768197515869,sakana-center,34.88047811,138.3034285,20.16083823,"Mozilla/5.0 (iPhone; CPU iPhone OS 18_7 like Mac OS X) AppleWebKit/605.1.15 (KHTML, like Gecko) Version/26.1 Mobile/15E148 Safari/604.1",,https://www.visionservice.io/sakana-center-1,2
2026-01-12T14:58:39+09:00,1768197518097,sakana-center,34.88034445,138.3033634,19.72276007,"Mozilla/5.0 (iPhone; CPU iPhone OS 18_7 like Mac OS X) AppleWebKit/605.1.15 (KHTML, like Gecko) Version/26.1 Mobile/15E148 Safari/604.1",,https://www.visionservice.io/sakana-center-1,2
2026-01-13T12:05:09+09:00,1768273507659,sakana-center,34.88007967,138.3030504,33.23683728,"Mozilla/5.0 (iPhone; CPU iPhone OS 18_5 like Mac OS X) AppleWebKit/605.1.15 (KHTML, like Gecko) Version/18.5 Mobile/15E148 Safari/604.1",,https://www.visionservice.io/sakana-center-1,2
2026-01-13T16:37:35+09:00,1768289853444,tourist-information-center,34.8672357,138.3230214,20,"Mozilla/5.0 (Linux; Android 10; K) AppleWebKit/537.36 (KHTML, like Gecko) Chrome/143.0.0.0 Mobile Safari/537.36",,https://www.visionservice.io/tourist-information-center,2
2026-01-14T13:16:34+09:00,1768364191218,sakana-center,34.87982817,138.3036015,22.99257137,"Mozilla/5.0 (iPhone; CPU iPhone OS 18_6_2 like Mac OS X) AppleWebKit/605.1.15 (KHTML, like Gecko) Version/18.6 Mobile/15E148 Safari/604.1",,https://www.visionservice.io/sakana-center-1,2
2026-01-14T14:11:22+09:00,1768367480660,sakana-center,34.8804073,138.303718,56.22000122,"Mozilla/5.0 (Linux; Android 10; K) AppleWebKit/537.36 (KHTML, like Gecko) Chrome/143.0.0.0 Mobile Safari/537.36",,https://www.visionservice.io/sakana-center-1,2
2026-01-15T11:44:24+09:00,1768445062640,sakana-center,31.91331273,131.4235125,69,"Mozilla/5.0 (Windows NT 10.0; Win64; x64) AppleWebKit/537.36 (KHTML, like Gecko) Chrome/143.0.0.0 Safari/537.36",,https://www.visionservice.io/sakana-center-1,1
2026-01-15T13:37:24+09:00,1768451842581,sakana-center,31.91324833,131.42363,64,"Mozilla/5.0 (Windows NT 10.0; Win64; x64) AppleWebKit/537.36 (KHTML, like Gecko) Chrome/143.0.0.0 Safari/537.36",,https://www.visionservice.io/sakana-center-1,1
2026-01-15T14:38:16+09:00,1768455495817,tourist-information-center,34.8675176,138.3230973,16.83699989,"Mozilla/5.0 (Linux; Android 10; K) AppleWebKit/537.36 (KHTML, like Gecko) Chrome/143.0.0.0 Mobile Safari/537.36",,https://www.visionservice.io/tourist-information-center,1
2026-01-15T14:38:24+09:00,1768455504801,tourist-information-center,34.8676673,138.3232291,18.36700058,"Mozilla/5.0 (Linux; Android 10; K) AppleWebKit/537.36 (KHTML, like Gecko) Chrome/143.0.0.0 Mobile Safari/537.36",,https://www.visionservice.io/tourist-information-center?status=checkedin,2
2026-01-15T14:38:25+09:00,1768455504801,tourist-information-center,34.8676673,138.3232291,18.36700058,"Mozilla/5.0 (Linux; Android 10; K) AppleWebKit/537.36 (KHTML, like Gecko) Chrome/143.0.0.0 Mobile Safari/537.36",,https://www.visionservice.io/tourist-information-center?status=checkedin,2
2026-01-15T16:09:43+09:00,1768460981295,sakana-center,34.88003089,138.3026787,11.92229846,"Mozilla/5.0 (iPhone; CPU iPhone OS 18_7 like Mac OS X) AppleWebKit/605.1.15 (KHTML, like Gecko) Version/26.2 Mobile/15E148 Safari/604.1",,https://www.visionservice.io/sakana-center-1,1
2026-01-16T10:55:48+09:00,1768528546892,sakana-center,34.8796529,138.3035788,28.25699997,"Mozilla/5.0 (Linux; Android 10; K) AppleWebKit/537.36 (KHTML, like Gecko) Chrome/134.0.0.0 Mobile Safari/537.36",,https://www.visionservice.io/sakana-center-1,1
2026-01-17T12:13:48+09:00,1768619625337,tourist-information-center,34.87810685,138.303149,4.74865153,"Mozilla/5.0 (iPhone; CPU iPhone OS 18_7 like Mac OS X) AppleWebKit/605.1.15 (KHTML, like Gecko) Version/26.2 Mobile/15E148 Safari/604.1",,https://www.visionservice.io/tourist-information-center,2
2026-01-18T10:49:59+09:00,1768700996617,sakana-center,34.88030804,138.3028502,13.00151495,"Mozilla/5.0 (iPhone; CPU iPhone OS 26_2_0 like Mac OS X) AppleWebKit/605.1.15 (KHTML, like Gecko) CriOS/144.0.7559.85 Mobile/15E148 Safari/604.1",,https://www.visionservice.io/sakana-center-1,3-5
2026-01-18T10:57:52+09:00,1768701470181,sakana-center,34.88026834,138.3038,11.36097634,"Mozilla/5.0 (iPhone; CPU iPhone OS 18_7 like Mac OS X) AppleWebKit/605.1.15 (KHTML, like Gecko) Version/26.1 Mobile/15E148 Safari/604.1",,https://www.visionservice.io/sakana-center-1,2
2026-01-18T12:19:46+09:00,1768706384427,sakana-center,34.87980337,138.3037898,28.47896501,"Mozilla/5.0 (iPhone; CPU iPhone OS 18_6_2 like Mac OS X) AppleWebKit/605.1.15 (KHTML, like Gecko) Version/18.6 Mobile/15E148 Safari/604.1",,https://www.visionservice.io/sakana-center-1,group
2026-01-18T12:20:23+09:00,1768706422259,sakana-center,34.87989432,138.303813,22.91176158,"Mozilla/5.0 (iPhone; CPU iPhone OS 18_6_2 like Mac OS X) AppleWebKit/605.1.15 (KHTML, like Gecko) Version/18.6 Mobile/15E148 Safari/604.1",,https://www.visionservice.io/sakana-center-1,group
2026-01-21T11:21:20+09:00,1768962078866,tourist-information-center,34.86802554,138.2573248,72,"Mozilla/5.0 (Windows NT 10.0; Win64; x64) AppleWebKit/537.36 (KHTML, like Gecko) Chrome/143.0.0.0 Safari/537.36",,https://www.visionservice.io/tourist-information-center,1
2026-01-21T11:25:09+09:00,1768962308339,tourist-information-center,34.86802554,138.2573248,72,"Mozilla/5.0 (Windows NT 10.0; Win64; x64) AppleWebKit/537.36 (KHTML, like Gecko) Chrome/143.0.0.0 Safari/537.36",,https://www.visionservice.io/tourist-information-center?status=checkedin,2
2026-01-21T15:39:08+09:00,1768977545245,tourist-information-center,34.8676586,138.3231498,13.26500034,"Mozilla/5.0 (Linux; Android 10; K) AppleWebKit/537.36 (KHTML, like Gecko) Chrome/144.0.0.0 Mobile Safari/537.36",,https://www.visionservice.io/tourist-information-center,1
2026-01-22T12:23:29+09:00,1769052206295,sakana-center,34.87979407,138.3033226,22.23360379,"Mozilla/5.0 (iPhone; CPU iPhone OS 18_7 like Mac OS X) AppleWebKit/605.1.15 (KHTML, like Gecko) Version/26.0.1 Mobile/15E148 Safari/604.1",,https://www.visionservice.io/sakana-center-1,2
2026-01-22T12:23:31+09:00,1769052209895,sakana-center,34.8798071,138.3034604,23.37481372,"Mozilla/5.0 (iPhone; CPU iPhone OS 18_7 like Mac OS X) AppleWebKit/605.1.15 (KHTML, like Gecko) Version/26.0.1 Mobile/15E148 Safari/604.1",,https://www.visionservice.io/sakana-center-1,2
2026-01-22T12:26:56+09:00,1769052413856,sakana-center,34.88009549,138.3027219,19.2162828,"Mozilla/5.0 (iPhone; CPU iPhone OS 18_7 like Mac OS X) AppleWebKit/605.1.15 (KHTML, like Gecko) Version/26.0.1 Mobile/15E148 Safari/604.1",,https://www.visionservice.io/sakana-center-1,2
2026-01-23T11:11:03+09:00,1769134261351,sakana-center,34.88033349,138.3034228,39.74622632,"Mozilla/5.0 (iPhone; CPU iPhone OS 18_6 like Mac OS X) AppleWebKit/605.1.15 (KHTML, like Gecko) Version/18.6 Mobile/15E148 Safari/604.1",,https://www.visionservice.io/sakana-center-1,1
2026-01-24T12:44:46+09:00,1769226281753,sakana-center,34.8805082,138.3030357,17.20599937,"Mozilla/5.0 (Linux; Android 10; K) AppleWebKit/537.36 (KHTML, like Gecko) Chrome/144.0.0.0 Mobile Safari/537.36",,https://www.visionservice.io/sakana-center-1,3-5
2026-01-24T12:44:51+09:00,1769226288892,sakana-center,34.8805115,138.3031078,16.06699944,"Mozilla/5.0 (Linux; Android 10; K) AppleWebKit/537.36 (KHTML, like Gecko) Chrome/144.0.0.0 Mobile Safari/537.36",,https://www.visionservice.io/sakana-center-1,3-5
2026-01-25T12:06:20+09:00,1769310377489,sakana-center,34.87988676,138.3035136,36.76354985,"Mozilla/5.0 (iPhone; CPU iPhone OS 18_7 like Mac OS X) AppleWebKit/605.1.15 (KHTML, like Gecko) Version/26.2 Mobile/15E148 Safari/604.1",,https://www.visionservice.io/sakana-center-1,2
2026-01-25T12:54:30+09:00,1769313268180,sakana-center,34.88018129,138.3032349,4.487588522,"Mozilla/5.0 (iPhone; CPU iPhone OS 18_3_2 like Mac OS X) AppleWebKit/605.1.15 (KHTML, like Gecko) Version/18.3.1 Mobile/15E148 Safari/604.1",,https://www.visionservice.io/sakana-center-1,1
2026-01-25T12:54:33+09:00,1769313271440,sakana-center,34.88018129,138.3032349,4.487588522,"Mozilla/5.0 (iPhone; CPU iPhone OS 18_3_2 like Mac OS X) AppleWebKit/605.1.15 (KHTML, like Gecko) Version/18.3.1 Mobile/15E148 Safari/604.1",,https://www.visionservice.io/sakana-center-1,1
2026-01-25T13:59:15+09:00,1769317152722,sakana-center,34.8800173,138.3028157,14.66499996,"Mozilla/5.0 (Linux; Android 10; K) AppleWebKit/537.36 (KHTML, like Gecko) Chrome/144.0.0.0 Mobile Safari/537.36",,https://www.visionservice.io/sakana-center-1,2
2026-01-25T15:30:42+09:00,1769322639043,sakana-center,34.88050039,138.3034859,10.83707553,"Mozilla/5.0 (iPhone; CPU iPhone OS 18_7 like Mac OS X) AppleWebKit/605.1.15 (KHTML, like Gecko) Version/26.2 Mobile/15E148 Safari/604.1",,https://www.visionservice.io/sakana-center-1,3-5
2026-01-25T15:30:43+09:00,1769322641143,sakana-center,34.88049788,138.3034894,15.23968334,"Mozilla/5.0 (iPhone; CPU iPhone OS 18_7 like Mac OS X) AppleWebKit/605.1.15 (KHTML, like Gecko) Version/26.2 Mobile/15E148 Safari/604.1",,https://www.visionservice.io/sakana-center-1,3-5
2026-01-25T15:30:45+09:00,1769322643343,sakana-center,34.88048387,138.3034667,12.50643586,"Mozilla/5.0 (iPhone; CPU iPhone OS 18_7 like Mac OS X) AppleWebKit/605.1.15 (KHTML, like Gecko) Version/26.2 Mobile/15E148 Safari/604.1",,https://www.visionservice.io/sakana-center-1,3-5
2026-01-26T13:45:05+09:00,1769402704153,sakana-center,34.880242,138.3028483,16.85400009,"Mozilla/5.0 (Linux; Android 10; K) AppleWebKit/537.36 (KHTML, like Gecko) Chrome/144.0.0.0 Mobile Safari/537.36",,https://www.visionservice.io/sakana-center-1,1
2026-01-27T15:34:55+09:00,1769495693024,tourist-information-center,34.86732647,138.3229714,32.1713291,"Mozilla/5.0 (iPhone; CPU iPhone OS 18_7 like Mac OS X) AppleWebKit/605.1.15 (KHTML, like Gecko) Version/26.2 Mobile/15E148 Safari/604.1",,https://www.visionservice.io/tourist-information-center,2
2026-01-27T15:34:59+09:00,1769495697575,tourist-information-center,34.86732328,138.3229722,24.95247892,"Mozilla/5.0 (iPhone; CPU iPhone OS 18_7 like Mac OS X) AppleWebKit/605.1.15 (KHTML, like Gecko) Version/26.2 Mobile/15E148 Safari/604.1",,https://www.visionservice.io/tourist-information-center,2
2026-01-28T10:59:09+09:00,1769565547041,sakana-center,34.86734831,138.322987,15.08336589,"Mozilla/5.0 (iPhone; CPU iPhone OS 18_7 like Mac OS X) AppleWebKit/605.1.15 (KHTML, like Gecko) Version/26.2 Mobile/15E148 Safari/604.1",,https://www.visionservice.io/sakana-center-1,1
2026-01-28T10:59:10+09:00,1769565548031,sakana-center,34.86733492,138.3229846,19.80209366,"Mozilla/5.0 (iPhone; CPU iPhone OS 18_7 like Mac OS X) AppleWebKit/605.1.15 (KHTML, like Gecko) Version/26.2 Mobile/15E148 Safari/604.1",,https://www.visionservice.io/sakana-center-1,1
2026-01-30T12:37:06+09:00,1769744222422,sakana-center,34.88028224,138.3028944,24.63431018,"Mozilla/5.0 (iPhone; CPU iPhone OS 18_7 like Mac OS X) AppleWebKit/605.1.15 (KHTML, like Gecko) Version/26.2 Mobile/15E148 Safari/604.1",,https://www.visionservice.io/sakana-center-1,1
2026-01-30T12:37:09+09:00,1769744227600,sakana-center,34.88020597,138.302984,24.11293898,"Mozilla/5.0 (iPhone; CPU iPhone OS 18_7 like Mac OS X) AppleWebKit/605.1.15 (KHTML, like Gecko) Version/26.2 Mobile/15E148 Safari/604.1",,https://www.visionservice.io/sakana-center-1,1
2026-01-30T12:37:25+09:00,1769744243752,sakana-center,34.88032518,138.3031328,17.67907273,"Mozilla/5.0 (iPhone; CPU iPhone OS 18_7 like Mac OS X) AppleWebKit/605.1.15 (KHTML, like Gecko) Version/26.2 Mobile/15E148 Safari/604.1",,https://www.visionservice.io/sakana-center-1,1
2026-01-30T15:21:50+09:00,1769754107767,sakana-center,34.87968224,138.3031211,28.32619551,"Mozilla/5.0 (iPhone; CPU iPhone OS 18_7 like Mac OS X) AppleWebKit/605.1.15 (KHTML, like Gecko) Version/26.2 Mobile/15E148 Safari/604.1",,https://www.visionservice.io/sakana-center-1,1
2026-01-30T16:21:35+09:00,1769757691004,tourist-information-center,34.8716938,138.318427,57.40599823,"Mozilla/5.0 (Linux; Android 10; K) AppleWebKit/537.36 (KHTML, like Gecko) Chrome/144.0.0.0 Mobile Safari/537.36",,https://www.visionservice.io/tourist-information-center,1
2026-01-31T11:25:30+09:00,1769826330173,sakana-center,34.8796379,138.3032436,15.11299992,"Mozilla/5.0 (Linux; Android 10; K) AppleWebKit/537.36 (KHTML, like Gecko) Chrome/144.0.0.0 Mobile Safari/537.36",,https://www.visionservice.io/sakana-center-1,2
2026-01-31T13:37:08+09:00,1769834225317,sakana-center,34.87965681,138.3031209,15.30343839,"Mozilla/5.0 (iPhone; CPU iPhone OS 18_7 like Mac OS X) AppleWebKit/605.1.15 (KHTML, like Gecko) Version/26.2 Mobile/15E148 Safari/604.1",,https://www.visionservice.io/sakana-center-1,2
2026-01-31T16:03:36+09:00,1769843014718,sakana-center,34.8801217,138.3039759,52.84700012,"Mozilla/5.0 (Linux; Android 13; A202ZT Build/TP1A.220624.014; wv) AppleWebKit/537.36 (KHTML, like Gecko) Version/4.0 Chrome/144.0.7559.59 Mobile Safari/537.36 YJApp-ANDROID jp.co.yahoo.android.yjtop/3.211.0",,https://www.visionservice.io/sakana-center-1,3-5
2026-01-31T16:03:42+09:00,1769843020026,sakana-center,34.8804275,138.303498,4,"Mozilla/5.0 (Linux; Android 13; A202ZT Build/TP1A.220624.014; wv) AppleWebKit/537.36 (KHTML, like Gecko) Version/4.0 Chrome/144.0.7559.59 Mobile Safari/537.36 YJApp-ANDROID jp.co.yahoo.android.yjtop/3.211.0",,https://www.visionservice.io/sakana-center-1,3-5
2026-02-01T09:01:12+09:00,1769904069627,sakana-center,34.8802947,138.3037488,4.74865153,"Mozilla/5.0 (iPhone; CPU iPhone OS 18_7 like Mac OS X) AppleWebKit/605.1.15 (KHTML, like Gecko) Version/26.2 Mobile/15E148 Safari/604.1",,https://www.visionservice.io/sakana-center-1,2
2026-02-01T10:34:37+09:00,1769909675211,sakana-center,34.8797611,138.3031623,5.350999832,"Mozilla/5.0 (Linux; Android 10; K) AppleWebKit/537.36 (KHTML, like Gecko) Chrome/144.0.0.0 Mobile Safari/537.36",,https://www.visionservice.io/sakana-center-1,3-5
2026-02-01T14:27:54+09:00,1769923671598,sakana-center,34.88029631,138.3029481,18.02884913,"Mozilla/5.0 (iPhone; CPU iPhone OS 18_7 like Mac OS X) AppleWebKit/605.1.15 (KHTML, like Gecko) Version/26.2 Mobile/15E148 Safari/604.1",,https://www.visionservice.io/sakana-center-1,2
2026-02-01T15:06:45+09:00,1769926002485,sakana-center,34.8808079,138.3038341,31.14900017,"Mozilla/5.0 (Linux; Android 10; K) AppleWebKit/537.36 (KHTML, like Gecko) Chrome/144.0.0.0 Mobile Safari/537.36",,https://www.visionservice.io/sakana-center-1,2
2026-02-03T09:18:27+09:00,1770077905982,tourist-information-center,34.8674237,138.3235297,27.71199989,"Mozilla/5.0 (Linux; Android 10; K) AppleWebKit/537.36 (KHTML, like Gecko) Chrome/144.0.0.0 Mobile Safari/537.36",,https://www.visionservice.io/tourist-information-center,2
2026-02-05T14:30:22+09:00,1770269419345,sakana-center,35.6613427,139.7569742,16.3579998,"Mozilla/5.0 (Linux; Android 10; K) AppleWebKit/537.36 (KHTML, like Gecko) Chrome/144.0.0.0 Mobile Safari/537.36",,https://www.visionservice.io/sakana-center-1,1
2026-02-06T11:07:12+09:00,1770343626711,tourist-information-center,34.8676212,138.2578163,12.02,Mozilla/5.0 (Windows NT 10.0; Win64; x64; rv:128.0) Gecko/20100101 Firefox/128.0,https://www.yaizu.gr.jp/,https://www.visionservice.io/tourist-information-center,2
2026-02-06T11:07:52+09:00,1770343671016,tourist-information-center,34.8676126,138.2578061,12.617,Mozilla/5.0 (Windows NT 10.0; Win64; x64; rv:128.0) Gecko/20100101 Firefox/128.0,https://www.yaizu.gr.jp/,https://www.visionservice.io/tourist-information-center?status=checkedin,1
2026-02-06T11:07:53+09:00,1770343671014,tourist-information-center,34.8676126,138.2578061,12.617,Mozilla/5.0 (Windows NT 10.0; Win64; x64; rv:128.0) Gecko/20100101 Firefox/128.0,https://www.yaizu.gr.jp/,https://www.visionservice.io/tourist-information-center?status=checkedin,1
2026-02-07T11:08:17+09:00,1770430094955,sakana-center,34.8802852,138.3037804,5.598999977,"Mozilla/5.0 (Linux; Android 10; K) AppleWebKit/537.36 (KHTML, like Gecko) Chrome/144.0.0.0 Mobile Safari/537.36",,https://www.visionservice.io/sakana-center-1,3-5
2026-02-07T13:36:46+09:00,1770439004460,sakana-center,34.88025579,138.3033676,56.5394027,"Mozilla/5.0 (iPhone; CPU iPhone OS 18_7 like Mac OS X) AppleWebKit/605.1.15 (KHTML, like Gecko) Version/26.1 Mobile/15E148 Safari/604.1",,https://www.visionservice.io/sakana-center-1,3-5
2026-02-07T13:37:03+09:00,1770439021645,sakana-center,34.88001974,138.3036281,20.36598096,"Mozilla/5.0 (iPhone; CPU iPhone OS 18_7 like Mac OS X) AppleWebKit/605.1.15 (KHTML, like Gecko) Version/26.1 Mobile/15E148 Safari/604.1",,https://www.visionservice.io/sakana-center-1,3-5
2026-02-07T13:45:57+09:00,1770439554811,tourist-information-center,34.87187318,138.318127,39.77579185,"Mozilla/5.0 (iPhone; CPU iPhone OS 18_6_2 like Mac OS X) AppleWebKit/605.1.15 (KHTML, like Gecko) Version/18.6 Mobile/15E148 Safari/604.1",,https://www.visionservice.io/tourist-information-center,3-5
2026-02-07T14:06:31+09:00,1770440788915,sakana-center,34.88041209,138.3034814,2.188033983,"Mozilla/5.0 (iPhone; CPU iPhone OS 18_7 like Mac OS X) AppleWebKit/605.1.15 (KHTML, like Gecko) Version/26.2 Mobile/15E148 Safari/604.1",,https://www.visionservice.io/sakana-center-1,3-5
2026-02-07T14:06:32+09:00,1770440790436,sakana-center,34.88041542,138.3034693,6.661596743,"Mozilla/5.0 (iPhone; CPU iPhone OS 18_7 like Mac OS X) AppleWebKit/605.1.15 (KHTML, like Gecko) Version/26.2 Mobile/15E148 Safari/604.1",,https://www.visionservice.io/sakana-center-1,group
2026-02-07T14:57:33+09:00,1770443851434,sakana-center,34.88008167,138.3034681,3.535533906,"Mozilla/5.0 (iPhone; CPU iPhone OS 18_4_1 like Mac OS X) AppleWebKit/605.1.15 (KHTML, like Gecko) Version/18.4 Mobile/15E148 Safari/604.1",,https://www.visionservice.io/sakana-center-1,3-5
2026-02-07T14:57:37+09:00,1770443855186,sakana-center,34.88008155,138.3034815,3.535533906,"Mozilla/5.0 (iPhone; CPU iPhone OS 18_4_1 like Mac OS X) AppleWebKit/605.1.15 (KHTML, like Gecko) Version/18.4 Mobile/15E148 Safari/604.1",,https://www.visionservice.io/sakana-center-1,3-5
2026-02-09T16:15:33+09:00,1770621330967,tourist-information-center,34.87167919,138.317861,4.921717725,"Mozilla/5.0 (iPhone; CPU iPhone OS 18_7 like Mac OS X) AppleWebKit/605.1.15 (KHTML, like Gecko) Version/26.2 Mobile/15E148 Safari/604.1",,https://www.visionservice.io/tourist-information-center,2
2026-02-09T16:15:40+09:00,1770621335679,tourist-information-center,34.87168055,138.3178653,12.795014,"Mozilla/5.0 (iPhone; CPU iPhone OS 18_7 like Mac OS X) AppleWebKit/605.1.15 (KHTML, like Gecko) Version/26.2 Mobile/15E148 Safari/604.1",,https://www.visionservice.io/tourist-information-center,2
2026-02-09T16:15:44+09:00,1770621340956,tourist-information-center,34.87157785,138.3178568,18.57479949,"Mozilla/5.0 (iPhone; CPU iPhone OS 18_7 like Mac OS X) AppleWebKit/605.1.15 (KHTML, like Gecko) Version/26.2 Mobile/15E148 Safari/604.1",,https://www.visionservice.io/tourist-information-center?status=checkedin,2
2026-02-11T10:28:28+09:00,1770773306787,sakana-center,34.88009928,138.3035526,4.733756908,"Mozilla/5.0 (iPhone; CPU iPhone OS 18_7 like Mac OS X) AppleWebKit/605.1.15 (KHTML, like Gecko) Version/26.2 Mobile/15E148 Safari/604.1",,https://www.visionservice.io/sakana-center-1,1
2026-02-11T12:30:15+09:00,1770780612989,sakana-center,34.87973323,138.3032421,8.976382161,"Mozilla/5.0 (iPhone; CPU iPhone OS 18_7 like Mac OS X) AppleWebKit/605.1.15 (KHTML, like Gecko) Version/26.2 Mobile/15E148 Safari/604.1",,https://www.visionservice.io/sakana-center-1,2
2026-02-11T12:30:15+09:00,1770780614186,sakana-center,34.87973323,138.3032421,9.095014,"Mozilla/5.0 (iPhone; CPU iPhone OS 18_7 like Mac OS X) AppleWebKit/605.1.15 (KHTML, like Gecko) Version/26.2 Mobile/15E148 Safari/604.1",,https://www.visionservice.io/sakana-center-1,2
2026-02-12T09:48:37+09:00,1770857314853,sakana-center,34.88046203,138.3034474,4.74865153,"Mozilla/5.0 (iPhone; CPU iPhone OS 18_7 like Mac OS X) AppleWebKit/605.1.15 (KHTML, like Gecko) Version/26.2 Mobile/15E148 Safari/604.1",,https://www.visionservice.io/sakana-center-1,3-5